start_key,end_key,ordinal,isPrimary
XI-LEI-391200GAL2O80LVLFJ24,XI-LEI|391200GAL2O80LVLFJ24,0,true
XI-LEI-391200GAL2O80LVLFJ24,DE-CR|HRB 136926,1,false
XI-LEI-5493009Y0WGGYKD2X888,XI-LEI|5493009Y0WGGYKD2X888,0,true
XI-LEI-5493009Y0WGGYKD2X888,DK-CVR|73349613,1,false
XI-LEI-2138004C9R5QI9R5YH02,XI-LEI|2138004C9R5QI9R5YH02,0,true
XI-LEI-2138004C9R5QI9R5YH02,GB-COH|08584210,1,false
XI-LEI-213800XWU7V7WDEQK620,XI-LEI|213800XWU7V7WDEQK620,0,true
XI-LEI-213800XWU7V7WDEQK620,GB-COH|07306956,1,false
XI-LEI-549300KY6HKK0GECYX39,XI-LEI|549300KY6HKK0GECYX39,0,true
XI-LEI-549300KY6HKK0GECYX39,US-SAM|6846889,1,false
XI-LEI-549300FNQS5QUAPENQ15,XI-LEI|549300FNQS5QUAPENQ15,0,true
XI-LEI-549300FNQS5QUAPENQ15,US-SAM|5858125,1,false
XI-LEI-549300WRI3IMTMV3P242,XI-LEI|549300WRI3IMTMV3P242,0,true
XI-LEI-549300WRI3IMTMV3P242,DK-CVR|27446469,1,false
XI-LEI-W9NG6WMZIYEU8VEDOG48,XI-LEI|W9NG6WMZIYEU8VEDOG48,0,true
XI-LEI-W9NG6WMZIYEU8VEDOG48,DK-CVR|36213728,1,false
XI-LEI-2138007V5RO48KLMZF61,XI-LEI|2138007V5RO48KLMZF61,0,true
XI-LEI-2138007V5RO48KLMZF61,GB-COH|07640851,1,false
XI-LEI-2138002S3XGZ38WN5Q72,XI-LEI|2138002S3XGZ38WN5Q72,0,true
XI-LEI-2138002S3XGZ38WN5Q72,GB-COH|07640868,1,false
XI-LEI-254900CL1QRNJC42HA89,XI-LEI|254900CL1QRNJC42HA89,0,true
XI-LEI-549300HLOJDV9GDG8H69,XI-LEI|549300HLOJDV9GDG8H69,0,true
XI-LEI-549300HLOJDV9GDG8H69,US-SAM|5711816,1,false
XI-LEI-213800THGIUR8XF8OZ68,XI-LEI|213800THGIUR8XF8OZ68,0,true
XI-LEI-213800THGIUR8XF8OZ68,GB-COH|08902636,1,false
XI-LEI-5493003I024VW3EM4E21,XI-LEI|5493003I024VW3EM4E21,0,true
XI-LEI-5493003I024VW3EM4E21,DK-CVR|31849292,1,false
XI-LEI-549300Q8HMKBGXWJ3Q83,XI-LEI|549300Q8HMKBGXWJ3Q83,0,true
XI-LEI-549300Q8HMKBGXWJ3Q83,DK-CVR|28330766,1,false
XI-LEI-549300TKCR7ADX1M3969,XI-LEI|549300TKCR7ADX1M3969,0,true
XI-LEI-549300TKCR7ADX1M3969,DK-CVR|27210538,1,false
XI-LEI-2138001I4N44QV4N1858,XI-LEI|2138001I4N44QV4N1858,0,true
XI-LEI-2138001I4N44QV4N1858,DK-CVR|18936674,1,false
XI-LEI-213800BXZH7RWO84SI42,XI-LEI|213800BXZH7RWO84SI42,0,true
XI-LEI-213800BXZH7RWO84SI42,GB-COH|07489052,1,false
XI-LEI-213800FUUO6AEPNKR357,XI-LEI|213800FUUO6AEPNKR357,0,true
XI-LEI-213800FUUO6AEPNKR357,GB-COH|07883217,1,false
XI-LEI-213800LX24J8JOPTTD69,XI-LEI|213800LX24J8JOPTTD69,0,true
XI-LEI-213800LX24J8JOPTTD69,GB-COH|10722635,1,false
XI-LEI-549300LOMJ5CLDVY0Q25,XI-LEI|549300LOMJ5CLDVY0Q25,0,true
XI-LEI-549300LOMJ5CLDVY0Q25,US-SAM|7658083,1,false
XI-LEI-5493002L8GVKESUG4F17,XI-LEI|5493002L8GVKESUG4F17,0,true
XI-LEI-5493002L8GVKESUG4F17,DK-CVR|20214414,1,false
XI-LEI-213800FYWZ9EB11MZN49,XI-LEI|213800FYWZ9EB11MZN49,0,true
XI-LEI-213800FYWZ9EB11MZN49,NL-KVK|24396477,1,false
XI-LEI-549300P6NB0L4DRUES61,XI-LEI|549300P6NB0L4DRUES61,0,true
XI-LEI-549300P6NB0L4DRUES61,US-SAM|6843217,1,false
XI-LEI-549300ABXTV7J6G2BT66,XI-LEI|549300ABXTV7J6G2BT66,0,true
XI-LEI-549300ABXTV7J6G2BT66,US-SAM|5733117,1,false
XI-LEI-549300RQNRIL5TRKCH60,XI-LEI|549300RQNRIL5TRKCH60,0,true
XI-LEI-549300RQNRIL5TRKCH60,US-SAM|5995933,1,false
XI-LEI-549300VWE9Z19DIFSS06,XI-LEI|549300VWE9Z19DIFSS06,0,true
XI-LEI-549300VWE9Z19DIFSS06,US-SAM|6188681,1,false
XI-LEI-2138003JK1RS6TXUZB17,XI-LEI|2138003JK1RS6TXUZB17,0,true
XI-LEI-2138003JK1RS6TXUZB17,GB-COH|07883284,1,false
XI-LEI-2138002D49GG1O189L31,XI-LEI|2138002D49GG1O189L31,0,true
XI-LEI-2138002D49GG1O189L31,US-SAM|1908773,1,false
XI-LEI-213800SBT2QLGP2Y4974,XI-LEI|213800SBT2QLGP2Y4974,0,true
XI-LEI-213800SBT2QLGP2Y4974,DK-CVR|27446485,1,false
XI-LEI-213800YUOGJWKMJMX615,XI-LEI|213800YUOGJWKMJMX615,0,true
XI-LEI-213800YUOGJWKMJMX615,GB-COH|10721881,1,false
XI-LEI-213800Z9Y4GC3RCHQK87,XI-LEI|213800Z9Y4GC3RCHQK87,0,true
XI-LEI-213800Z9Y4GC3RCHQK87,DK-CVR|31846846,1,false
XI-LEI-549300YSMIW80PKBJP33,XI-LEI|549300YSMIW80PKBJP33,0,true
XI-LEI-549300YSMIW80PKBJP33,US-SAM|6185890,1,false
XI-LEI-549300HRMHKQNIYGN596,XI-LEI|549300HRMHKQNIYGN596,0,true
XI-LEI-549300HRMHKQNIYGN596,US-SAM|5977927,1,false
XI-LEI-213800JDY3WNXKILP121,XI-LEI|213800JDY3WNXKILP121,0,true
XI-LEI-213800JDY3WNXKILP121,GB-COH|05017828,1,false
XI-LEI-549300H1I4IKVIEET127,XI-LEI|549300H1I4IKVIEET127,0,true
XI-LEI-549300H1I4IKVIEET127,US-SAM|7699113,1,false
XI-LEI-213800MV52QOR3TCID39,XI-LEI|213800MV52QOR3TCID39,0,true
XI-LEI-213800MV52QOR3TCID39,GB-COH|07307131,1,false
XI-LEI-213800NW1M8A9JCNYT42,XI-LEI|213800NW1M8A9JCNYT42,0,true
XI-LEI-213800NW1M8A9JCNYT42,GB-COH|NI618256,1,false
XI-LEI-5493003R5R3GH59BZM53,XI-LEI|5493003R5R3GH59BZM53,0,true
XI-LEI-5493003R5R3GH59BZM53,US-SAM|5715099,1,false
XI-LEI-549300412T1959YGZP28,XI-LEI|549300412T1959YGZP28,0,true
XI-LEI-549300412T1959YGZP28,US-SAM|7846943,1,false
XI-LEI-5493004N8936WVL23W35,XI-LEI|5493004N8936WVL23W35,0,true
XI-LEI-5493004N8936WVL23W35,US-SAM|7056681,1,false
XI-LEI-549300CFRPJRWHKXNB76,XI-LEI|549300CFRPJRWHKXNB76,0,true
XI-LEI-549300CFRPJRWHKXNB76,US-SAM|7699109,1,false
XI-LEI-549300GXQWY7TOWC7Y75,XI-LEI|549300GXQWY7TOWC7Y75,0,true
XI-LEI-549300GXQWY7TOWC7Y75,US-SAM|6609348,1,false
XI-LEI-213800VD287CR15QNH11,XI-LEI|213800VD287CR15QNH11,0,true
XI-LEI-213800VD287CR15QNH11,DK-CVR|40138099,1,false
GB-COH-04984787,GB-COH|04984787,0,true
GB-COH-15920551,GB-COH|15920551,0,true
GB-COH-00511097,GB-COH|00511097,0,true
GB-COH-11032246,GB-COH|11032246,0,true
GB-COH-11032205,GB-COH|11032205,0,true
GB-COH-11120527,GB-COH|11120527,0,true
GB-COH-07640868,GB-COH|07640868,0,true
GB-COH-11116433,GB-COH|11116433,0,true
XI-LEI-2138008KTNTDICZU8L25,XI-LEI|2138008KTNTDICZU8L25,0,true
XI-LEI-2138008KTNTDICZU8L25,GB-COH|01126618,1,false
XI-LEI-549300KBNGV4NYY3GE68,XI-LEI|549300KBNGV4NYY3GE68,0,true
XI-LEI-894500MDF6I8J93LO347,XI-LEI|894500MDF6I8J93LO347,0,true
XI-LEI-894500MDF6I8J93LO347,FR-RCS|632036752,1,false
XI-LEI-2763RIUHRUXVYE8VBI52,XI-LEI|2763RIUHRUXVYE8VBI52,0,true
XI-LEI-213800IJGJFB3GND1T26,XI-LEI|213800IJGJFB3GND1T26,0,true
GB-COH-01126618,GB-COH|01126618,0,true
XI-LEI-2138008RB4WDK7HYYS91,XI-LEI|2138008RB4WDK7HYYS91,0,true
XI-LEI-2138008RB4WDK7HYYS91,GB-COH|10336040,1,false
XI-LEI-213800MR49XK2JV4F829,XI-LEI|213800MR49XK2JV4F829,0,true
XI-LEI-213800MR49XK2JV4F829,GB-COH|00946107,1,false
GB-COH-06006643,GB-COH|06006643,0,true
GB-COH-09142569,GB-COH|09142569,0,true
GB-COH-03886399,GB-COH|03886399,0,true
GB-COH-SC338426,GB-COH|SC338426,0,true
GB-COH-SC219887,GB-COH|SC219887,0,true
GB-COH-07820781,GB-COH|07820781,0,true
GB-COH-14177056,GB-COH|14177056,0,true
GB-COH-05656364,GB-COH|05656364,0,true
GB-COH-07155949,GB-COH|07155949,0,true
GB-COH-06799825,GB-COH|06799825,0,true
GB-COH-04081901,GB-COH|04081901,0,true
GB-COH-06409675,GB-COH|06409675,0,true
GB-COH-04602885,GB-COH|04602885,0,true
GB-COH-14171811,GB-COH|14171811,0,true
GB-COH-10336040,GB-COH|10336040,0,true
GB-COH-14173716,GB-COH|14173716,0,true
GB-COH-03158124,GB-COH|03158124,0,true
GB-COH-02563623,GB-COH|02563623,0,true
GB-COH-15748728,GB-COH|15748728,0,true
GB-COH-02393309,GB-COH|02393309,0,true
GB-COH-07255980,GB-COH|07255980,0,true
GB-COH-07389613,GB-COH|07389613,0,true
GB-COH-09926796,GB-COH|09926796,0,true
GB-COH-02485860,GB-COH|02485860,0,true
XI-LEI-5586006ZEFQ542K7CY16,XI-LEI|5586006ZEFQ542K7CY16,0,true
XI-LEI-78900067TT5DRBFBDN88,XI-LEI|78900067TT5DRBFBDN88,0,true
XI-LEI-78900067TT5DRBFBDN88,TR-MERSIS|0843037043300016,1,false
XI-LEI-558600EF1LZ82YHRMV66,XI-LEI|558600EF1LZ82YHRMV66,0,true
XI-LEI-254900QAYP91G6IT9S19,XI-LEI|254900QAYP91G6IT9S19,0,true
XI-LEI-558600JIICYLBWQXML82,XI-LEI|558600JIICYLBWQXML82,0,true
XI-LEI-254900WTRWZEZCPDUX78,XI-LEI|254900WTRWZEZCPDUX78,0,true
XI-LEI-2549003H0S48GD7PM233,XI-LEI|2549003H0S48GD7PM233,0,true
XI-LEI-5586007HYS59B0NF2875,XI-LEI|5586007HYS59B0NF2875,0,true
XI-LEI-558600PYVWFWMUJOFH53,XI-LEI|558600PYVWFWMUJOFH53,0,true
XI-LEI-558600YVNWCJ1L7RA642,XI-LEI|558600YVNWCJ1L7RA642,0,true
XI-LEI-789000DWLOUQNDCW8W61,XI-LEI|789000DWLOUQNDCW8W61,0,true
XI-LEI-789000DWLOUQNDCW8W61,TR-MERSIS|0068006387095226,1,false
XI-LEI-635400BL7XGTQHK8HM19,XI-LEI|635400BL7XGTQHK8HM19,0,true
XI-LEI-5493005ECQRC5SLACT53,XI-LEI|5493005ECQRC5SLACT53,0,true
XI-LEI-5493005ECQRC5SLACT53,US-SAM|6782205,1,false
XI-LEI-25490082FQJTDUC7Y169,XI-LEI|25490082FQJTDUC7Y169,0,true
XI-LEI-213800AG2V6YE68H5N63,XI-LEI|213800AG2V6YE68H5N63,0,true
XI-LEI-213800AG2V6YE68H5N63,GB-COH|00031014,1,false
XI-LEI-558600JW2XPMLG97TV14,XI-LEI|558600JW2XPMLG97TV14,0,true
XI-LEI-558600QX2SVCL51BY860,XI-LEI|558600QX2SVCL51BY860,0,true
XI-LEI-7N7YKE66OZ27KON72O26,XI-LEI|7N7YKE66OZ27KON72O26,0,true
XI-LEI-7N7YKE66OZ27KON72O26,GB-COH|01223938,1,false
GB-COH-12419163,GB-COH|12419163,0,true
GB-COH-03281264,GB-COH|03281264,0,true
GB-COH-03305197,GB-COH|03305197,0,true
GB-COH-03299418,GB-COH|03299418,0,true
GB-COH-03305223,GB-COH|03305223,0,true
GB-COH-03305117,GB-COH|03305117,0,true
GB-COH-05982811,GB-COH|05982811,0,true
GB-COH-05981582,GB-COH|05981582,0,true
GB-COH-14525696,GB-COH|14525696,0,true
GB-COH-00031014,GB-COH|00031014,0,true
GB-COH-03304752,GB-COH|03304752,0,true
GB-COH-03305238,GB-COH|03305238,0,true
GB-COH-02529667,GB-COH|02529667,0,true
GB-COH-03305181,GB-COH|03305181,0,true
GB-COH-03305201,GB-COH|03305201,0,true
GB-COH-03305173,GB-COH|03305173,0,true
GB-COH-03281103,GB-COH|03281103,0,true
GB-COH-03281010,GB-COH|03281010,0,true
GB-COH-03305112,GB-COH|03305112,0,true
GB-COH-03305231,GB-COH|03305231,0,true
GB-COH-11205113,GB-COH|11205113,0,true
GB-COH-12415316,GB-COH|12415316,0,true
GB-COH-05042139,GB-COH|05042139,0,true
GB-COH-11128634,GB-COH|11128634,0,true
GB-COH-03383583,GB-COH|03383583,0,true
GB-COH-04273370,GB-COH|04273370,0,true
GB-COH-06861426,GB-COH|06861426,0,true
GB-COH-06254688,GB-COH|06254688,0,true
GB-COH-03796850,GB-COH|03796850,0,true
GB-COH-12388231,GB-COH|12388231,0,true
GB-COH-03280933,GB-COH|03280933,0,true
XI-LEI-213800DBE5Y9ZM58PN63,XI-LEI|213800DBE5Y9ZM58PN63,0,true
XI-LEI-213800DBE5Y9ZM58PN63,GB-COH|07068789,1,false
GB-COH-10498997,GB-COH|10498997,0,true
GB-COH-10787931,GB-COH|10787931,0,true
GB-COH-03462881,GB-COH|03462881,0,true
GB-COH-02482660,GB-COH|02482660,0,true
GB-COH-11078321,GB-COH|11078321,0,true
GB-COH-05743495,GB-COH|05743495,0,true
GB-COH-02243045,GB-COH|02243045,0,true
GB-COH-04877889,GB-COH|04877889,0,true
GB-COH-02797701,GB-COH|02797701,0,true
GB-COH-02571516,GB-COH|02571516,0,true
GB-COH-08212279,GB-COH|08212279,0,true
GB-COH-02644862,GB-COH|02644862,0,true
GB-COH-13555386,GB-COH|13555386,0,true
GB-COH-07158144,GB-COH|07158144,0,true
GB-COH-07158142,GB-COH|07158142,0,true
GB-COH-07158140,GB-COH|07158140,0,true
GB-COH-01668247,GB-COH|01668247,0,true
GB-COH-12095560,GB-COH|12095560,0,true
GB-COH-13130144,GB-COH|13130144,0,true
GB-COH-07068789,GB-COH|07068789,0,true
GB-COH-12332828,GB-COH|12332828,0,true
GB-COH-02147783,GB-COH|02147783,0,true
XI-LEI-213800E11LI1SCETU492,XI-LEI|213800E11LI1SCETU492,0,true
XI-LEI-213800E11LI1SCETU492,GB-COH|05975475,1,false
XI-LEI-213800FF7EXWECXGTO26,XI-LEI|213800FF7EXWECXGTO26,0,true
XI-LEI-724500Q21GMC2GYKCQ29,XI-LEI|724500Q21GMC2GYKCQ29,0,true
XI-LEI-724500Q21GMC2GYKCQ29,NL-KVK|27149802,1,false
XI-LEI-724500NMPK4BBMMMD571,XI-LEI|724500NMPK4BBMMMD571,0,true
XI-LEI-724500NMPK4BBMMMD571,NL-KVK|27154985,1,false
XI-LEI-213800UNJSVQFNUYYW03,XI-LEI|213800UNJSVQFNUYYW03,0,true
XI-LEI-894500EHT892H6TZZN33,XI-LEI|894500EHT892H6TZZN33,0,true
XI-LEI-894500EHT892H6TZZN33,IN-MCA|U40300TN2012PTC101788,1,false
XI-LEI-213800XSK41EPCUHOH45,XI-LEI|213800XSK41EPCUHOH45,0,true
XI-LEI-213800XSK41EPCUHOH45,NL-KVK|34316088,1,false
XI-LEI-335800RKIDK6O4P2KJ98,XI-LEI|335800RKIDK6O4P2KJ98,0,true
XI-LEI-335800RKIDK6O4P2KJ98,IN-MCA|U40109TN1993PTC026223,1,false
XI-LEI-2549006LMVC63GYH6G12,XI-LEI|2549006LMVC63GYH6G12,0,true
GB-COH-05975475,GB-COH|05975475,0,true
GB-COH-12473084,GB-COH|12473084,0,true
GB-COH-12473751,GB-COH|12473751,0,true
GB-COH-SC057974,GB-COH|SC057974,0,true
GB-COH-SC077750,GB-COH|SC077750,0,true
GB-COH-07079191,GB-COH|07079191,0,true
GB-COH-13148646,GB-COH|13148646,0,true
GB-COH-11398848,GB-COH|11398848,0,true
GB-COH-03628497,GB-COH|03628497,0,true
GB-COH-11485932,GB-COH|11485932,0,true
GB-COH-07848449,GB-COH|07848449,0,true
GB-COH-02748866,GB-COH|02748866,0,true
GB-COH-10573435,GB-COH|10573435,0,true
GB-COH-10573715,GB-COH|10573715,0,true
GB-COH-04560068,GB-COH|04560068,0,true
GB-COH-04487223,GB-COH|04487223,0,true
GB-COH-06547400,GB-COH|06547400,0,true
GB-COH-15671911,GB-COH|15671911,0,true
GB-COH-16039527,GB-COH|16039527,0,true
GB-COH-11787488,GB-COH|11787488,0,true
GB-COH-11787495,GB-COH|11787495,0,true
GB-COH-16130095,GB-COH|16130095,0,true
GB-COH-16130094,GB-COH|16130094,0,true
GB-COH-14067214,GB-COH|14067214,0,true
GB-COH-14067273,GB-COH|14067273,0,true
GB-COH-00856444,GB-COH|00856444,0,true
GB-COH-12313114,GB-COH|12313114,0,true
GB-COH-12473113,GB-COH|12473113,0,true
GB-COH-11719194,GB-COH|11719194,0,true
GB-COH-06383221,GB-COH|06383221,0,true
GB-COH-03847957,GB-COH|03847957,0,true
GB-COH-16140733,GB-COH|16140733,0,true
GB-COH-01021007,GB-COH|01021007,0,true
GB-COH-02160234,GB-COH|02160234,0,true
GB-COH-15655085,GB-COH|15655085,0,true
GB-COH-00404347,GB-COH|00404347,0,true
GB-COH-11796185,GB-COH|11796185,0,true
GB-COH-00983913,GB-COH|00983913,0,true
GB-COH-01004984,GB-COH|01004984,0,true
GB-COH-08723444,GB-COH|08723444,0,true
GB-COH-08900469,GB-COH|08900469,0,true
GB-COH-03221603,GB-COH|03221603,0,true
GB-COH-08140815,GB-COH|08140815,0,true
GB-COH-11188145,GB-COH|11188145,0,true
GB-COH-12000539,GB-COH|12000539,0,true
GB-COH-00895797,GB-COH|00895797,0,true
GB-COH-07974274,GB-COH|07974274,0,true
GB-COH-01009905,GB-COH|01009905,0,true
GB-COH-05335923,GB-COH|05335923,0,true
GB-COH-15363762,GB-COH|15363762,0,true
GB-COH-05335927,GB-COH|05335927,0,true
GB-COH-00305943,GB-COH|00305943,0,true
GB-COH-12105028,GB-COH|12105028,0,true
GB-COH-00908982,GB-COH|00908982,0,true
GB-COH-13461160,GB-COH|13461160,0,true
GB-COH-03502262,GB-COH|03502262,0,true
GB-COH-09971526,GB-COH|09971526,0,true
GB-COH-11041000,GB-COH|11041000,0,true
GB-COH-00284323,GB-COH|00284323,0,true
GB-COH-10519279,GB-COH|10519279,0,true
GB-COH-04316931,GB-COH|04316931,0,true
GB-COH-04446121,GB-COH|04446121,0,true
GB-COH-08812651,GB-COH|08812651,0,true
GB-COH-10027204,GB-COH|10027204,0,true
GB-COH-09978028,GB-COH|09978028,0,true
GB-COH-07599899,GB-COH|07599899,0,true
GB-COH-07974282,GB-COH|07974282,0,true
GB-COH-01937364,GB-COH|01937364,0,true
GB-COH-06383184,GB-COH|06383184,0,true
GB-COH-04833438,GB-COH|04833438,0,true
GB-COH-09646587,GB-COH|09646587,0,true
GB-COH-SC135813,GB-COH|SC135813,0,true
GB-COH-00972944,GB-COH|00972944,0,true
GB-COH-13311592,GB-COH|13311592,0,true
GB-COH-04075308,GB-COH|04075308,0,true
GB-COH-00615393,GB-COH|00615393,0,true
GB-COH-07521628,GB-COH|07521628,0,true
GB-COH-13947643,GB-COH|13947643,0,true
GB-COH-13923476,GB-COH|13923476,0,true
GB-COH-07079220,GB-COH|07079220,0,true
GB-COH-05971273,GB-COH|05971273,0,true
XI-LEI-549300FJOXFUONBUSB24,XI-LEI|549300FJOXFUONBUSB24,0,true
XI-LEI-549300FJOXFUONBUSB24,US-SAM|860013,1,false
XI-LEI-549300GL1JKOPE05D156,XI-LEI|549300GL1JKOPE05D156,0,true
XI-LEI-549300GL1JKOPE05D156,GB-COH|00263889,1,false
XI-LEI-254900E2H6UPESEYHK67,XI-LEI|254900E2H6UPESEYHK67,0,true
XI-LEI-254900E2H6UPESEYHK67,US-SAM|2342992,1,false
XI-LEI-549300O4I4C09FVKBE77,XI-LEI|549300O4I4C09FVKBE77,0,true
XI-LEI-549300O4I4C09FVKBE77,GB-COH|SC107896,1,false
XI-LEI-549300S6ZINNW7Y1NP62,XI-LEI|549300S6ZINNW7Y1NP62,0,true
XI-LEI-549300S6ZINNW7Y1NP62,SG-ACRA|196600436K,1,false
XI-LEI-549300KT0ZQUIBAX8U21,XI-LEI|549300KT0ZQUIBAX8U21,0,true
XI-LEI-549300KT0ZQUIBAX8U21,US-SAM|5795097,1,false
XI-LEI-335800DTEWI5HM8G1295,XI-LEI|335800DTEWI5HM8G1295,0,true
XI-LEI-335800DTEWI5HM8G1295,IN-MCA|U50100MH2002PTC138480,1,false
XI-LEI-549300GFYQ2Z4MV18T39,XI-LEI|549300GFYQ2Z4MV18T39,0,true
XI-LEI-335800KCNMKXQFPJ5Q28,XI-LEI|335800KCNMKXQFPJ5Q28,0,true
XI-LEI-335800KCNMKXQFPJ5Q28,IN-MCA|L23200MH1979PLC021359,1,false
XI-LEI-6HF6UF5XUDTS104QCS33,XI-LEI|6HF6UF5XUDTS104QCS33,0,true
XI-LEI-6HF6UF5XUDTS104QCS33,GB-COH|00446915,1,false
XI-LEI-5493008CHX3FW76KG908,XI-LEI|5493008CHX3FW76KG908,0,true
XI-LEI-549300AGC7BAI04R6015,XI-LEI|549300AGC7BAI04R6015,0,true
XI-LEI-549300AGC7BAI04R6015,US-SAM|4244298,1,false
XI-LEI-549300UMEO4KHSEGTG58,XI-LEI|549300UMEO4KHSEGTG58,0,true
XI-LEI-549300UMEO4KHSEGTG58,GB-COH|08298838,1,false
XI-LEI-549300P807JHWY1X1063,XI-LEI|549300P807JHWY1X1063,0,true
XI-LEI-549300KWC0CKSSHUZ327,XI-LEI|549300KWC0CKSSHUZ327,0,true
XI-LEI-549300KWC0CKSSHUZ327,GB-COH|00140132,1,false
XI-LEI-549300LCKI6BWPCJGX28,XI-LEI|549300LCKI6BWPCJGX28,0,true
XI-LEI-549300LCKI6BWPCJGX28,GB-COH|12825643,1,false
XI-LEI-549300LH9YXVHGYN6V32,XI-LEI|549300LH9YXVHGYN6V32,0,true
XI-LEI-549300LH9YXVHGYN6V32,GB-COH|00908982,1,false
XI-LEI-549300MOF13GKBNRVV53,XI-LEI|549300MOF13GKBNRVV53,0,true
XI-LEI-549300MOF13GKBNRVV53,GB-COH|00871912,1,false
XI-LEI-549300NCTSINOQUCE407,XI-LEI|549300NCTSINOQUCE407,0,true
XI-LEI-549300NCTSINOQUCE407,NL-KVK|72399104,1,false
XI-LEI-549300X4LGFEE4L28815,XI-LEI|549300X4LGFEE4L28815,0,true
XI-LEI-549300X4LGFEE4L28815,LU-RCS|B45782,1,false
XI-LEI-549300XDLZSTRWVYDS48,XI-LEI|549300XDLZSTRWVYDS48,0,true
XI-LEI-549300XDLZSTRWVYDS48,US-SAM|249359,1,false
XI-LEI-549300XJERYFRMOP7O39,XI-LEI|549300XJERYFRMOP7O39,0,true
XI-LEI-549300XJERYFRMOP7O39,ES-RMC|CS-32548-8,1,false
XI-LEI-549300YF2JG5OMW7UO84,XI-LEI|549300YF2JG5OMW7UO84,0,true
XI-LEI-549300YF2JG5OMW7UO84,SE-ON|556081-6604,1,false
XI-LEI-549300YG7WG1HR9KGW98,XI-LEI|549300YG7WG1HR9KGW98,0,true
XI-LEI-549300YG7WG1HR9KGW98,GB-COH|00322365,1,false
XI-LEI-549300YYMNSW7KWZH127,XI-LEI|549300YYMNSW7KWZH127,0,true
XI-LEI-549300YYMNSW7KWZH127,US-SAM|D00045773,1,false
XI-LEI-549300ZDBUCTRBOPM023,XI-LEI|549300ZDBUCTRBOPM023,0,true
XI-LEI-549300ZDBUCTRBOPM023,GB-COH|01378710,1,false
XI-LEI-549300ZNXYELB31FP503,XI-LEI|549300ZNXYELB31FP503,0,true
XI-LEI-549300ZNXYELB31FP503,AU-ABN|004 085 616,1,false
XI-LEI-549300ZPID4GQRDWI318,XI-LEI|549300ZPID4GQRDWI318,0,true
XI-LEI-549300ZPID4GQRDWI318,DE-CR|HRB 113611,1,false
XI-LEI-25490009TXBCEMN3UI89,XI-LEI|25490009TXBCEMN3UI89,0,true
XI-LEI-25490009TXBCEMN3UI89,GB-COH|06720009,1,false
XI-LEI-54930066OLMECXUIIT95,XI-LEI|54930066OLMECXUIIT95,0,true
XI-LEI-54930066OLMECXUIIT95,GB-COH|00305943,1,false
XI-LEI-5493006US8Z88WK9IL47,XI-LEI|5493006US8Z88WK9IL47,0,true
XI-LEI-5493006US8Z88WK9IL47,US-SAM|2222036,1,false
XI-LEI-5493008GLWHKEO68CL13,XI-LEI|5493008GLWHKEO68CL13,0,true
XI-LEI-5493008GLWHKEO68CL13,GB-COH|00404347,1,false
XI-LEI-5493008ZYIONF7JPJL24,XI-LEI|5493008ZYIONF7JPJL24,0,true
XI-LEI-5493008ZYIONF7JPJL24,CA-CC|3268803,1,false
XI-LEI-254900SRY9AX0V405Q73,XI-LEI|254900SRY9AX0V405Q73,0,true
XI-LEI-254900SRY9AX0V405Q73,US-SAM|0803235499,1,false
XI-LEI-549300HJ840SLKBDOS06,XI-LEI|549300HJ840SLKBDOS06,0,true
XI-LEI-549300HJ840SLKBDOS06,AU-ABN|102 991 551,1,false
XI-LEI-254900P4JT9YH6JH0I36,XI-LEI|254900P4JT9YH6JH0I36,0,true
XI-LEI-254900P4JT9YH6JH0I36,US-SAM|0803377526,1,false
XI-LEI-5493000BRX9RNZNUOV28,XI-LEI|5493000BRX9RNZNUOV28,0,true
XI-LEI-5493000BRX9RNZNUOV28,GB-COH|10867355,1,false
XI-LEI-549300MZ0FTF0W5N3I14,XI-LEI|549300MZ0FTF0W5N3I14,0,true
XI-LEI-549300MZ0FTF0W5N3I14,US-SAM|3439552,1,false
XI-LEI-549300IW34FEHHXMF980,XI-LEI|549300IW34FEHHXMF980,0,true
XI-LEI-549300IW34FEHHXMF980,GB-COH|00097216,1,false
XI-LEI-549300MG5Q5VOTHPK831,XI-LEI|549300MG5Q5VOTHPK831,0,true
XI-LEI-549300MG5Q5VOTHPK831,US-SAM|2076758,1,false
XI-LEI-54930021X63HYEU9MP82,XI-LEI|54930021X63HYEU9MP82,0,true
XI-LEI-54930021X63HYEU9MP82,US-SAM|1998110694,1,false
XI-LEI-549300H667FIK5PZPV54,XI-LEI|549300H667FIK5PZPV54,0,true
XI-LEI-549300H667FIK5PZPV54,IN-MCA|F03031,1,false
XI-LEI-549300I2A60VQH7OB113,XI-LEI|549300I2A60VQH7OB113,0,true
XI-LEI-549300I2A60VQH7OB113,US-SAM|2053223,1,false
XI-LEI-25490089CK3WJ7YXI372,XI-LEI|25490089CK3WJ7YXI372,0,true
XI-LEI-25490089CK3WJ7YXI372,US-SAM|0803235415,1,false
XI-LEI-549300KRU5NMN907SV73,XI-LEI|549300KRU5NMN907SV73,0,true
XI-LEI-549300KRU5NMN907SV73,NL-KVK|24178415,1,false
XI-LEI-5493009NTB34VXE1T760,XI-LEI|5493009NTB34VXE1T760,0,true
XI-LEI-5493009NTB34VXE1T760,US-SAM|3491966,1,false
XI-LEI-213800LH1BZH3DI6G760,XI-LEI|213800LH1BZH3DI6G760,0,true
XI-LEI-213800LH1BZH3DI6G760,GB-COH|00102498,1,false
XI-LEI-5493003MXD0BNIYC0G95,XI-LEI|5493003MXD0BNIYC0G95,0,true
XI-LEI-5493003MXD0BNIYC0G95,ES-RMC|A-0684693-5,1,false
XI-LEI-5493004W2NT861NJ6M56,XI-LEI|5493004W2NT861NJ6M56,0,true
XI-LEI-5493004W2NT861NJ6M56,IS-KEN|6803170460,1,false
XI-LEI-549300XGTG5OWOTI9S89,XI-LEI|549300XGTG5OWOTI9S89,0,true
XI-LEI-549300XGTG5OWOTI9S89,US-SAM|6378513,1,false
XI-LEI-549300GMUCJ08527GQ81,XI-LEI|549300GMUCJ08527GQ81,0,true
XI-LEI-549300GMUCJ08527GQ81,US-SAM|182869-107,1,false
XI-LEI-549300GSGBIF7NMOUH71,XI-LEI|549300GSGBIF7NMOUH71,0,true
XI-LEI-549300GSGBIF7NMOUH71,NL-KVK|72404922,1,false
XI-LEI-549300IZ83QL6OSB2R21,XI-LEI|549300IZ83QL6OSB2R21,0,true
XI-LEI-549300IZ83QL6OSB2R21,ES-RMC|A-8242203-1,1,false
XI-LEI-549300JCMJLJPHUIZ827,XI-LEI|549300JCMJLJPHUIZ827,0,true
XI-LEI-549300JCMJLJPHUIZ827,ZA-CIP|M1924002602,1,false
XI-LEI-549300IRCCFFAE30FT55,XI-LEI|549300IRCCFFAE30FT55,0,true
XI-LEI-549300IRCCFFAE30FT55,FR-RCS|542 034 327,1,false
XI-LEI-5493002S2FI7YB0RL442,XI-LEI|5493002S2FI7YB0RL442,0,true
XI-LEI-5493002S2FI7YB0RL442,US-SAM|625509,1,false
XI-LEI-549300ELU6WABMM0EL36,XI-LEI|549300ELU6WABMM0EL36,0,true
XI-LEI-549300ELU6WABMM0EL36,PL-NIP|0000345546,1,false
XI-LEI-549300RU6UYW1UMYOP92,XI-LEI|549300RU6UYW1UMYOP92,0,true
XI-LEI-549300RU6UYW1UMYOP92,PT-NIPPC|500194670,1,false
XI-LEI-549300ZBE567NNMH7V89,XI-LEI|549300ZBE567NNMH7V89,0,true
XI-LEI-549300ZBE567NNMH7V89,US-SAM|3575984,1,false
XI-LEI-549300LN3X0K77Z2SO79,XI-LEI|549300LN3X0K77Z2SO79,0,true
XI-LEI-549300LN3X0K77Z2SO79,AU-ABN|008 422 071,1,false
XI-LEI-5493000JNUNFTCW6WF85,XI-LEI|5493000JNUNFTCW6WF85,0,true
XI-LEI-5493000JNUNFTCW6WF85,GB-COH|01553681,1,false
XI-LEI-549300B8RMOTK5QZWT61,XI-LEI|549300B8RMOTK5QZWT61,0,true
XI-LEI-549300B8RMOTK5QZWT61,US-SAM|292522,1,false
XI-LEI-549300DTMH2NWOI8O090,XI-LEI|549300DTMH2NWOI8O090,0,true
XI-LEI-549300DTMH2NWOI8O090,GB-COH|SC077750,1,false
XI-LEI-5493005ONGPJXD71UU22,XI-LEI|5493005ONGPJXD71UU22,0,true
XI-LEI-5493005ONGPJXD71UU22,US-SAM|3329670,1,false
XI-LEI-5493000FX3G8YEXMXM78,XI-LEI|5493000FX3G8YEXMXM78,0,true
XI-LEI-5493000FX3G8YEXMXM78,GB-COH|00194971,1,false
XI-LEI-254900JJ39DUX0CTFU84,XI-LEI|254900JJ39DUX0CTFU84,0,true
XI-LEI-254900JJ39DUX0CTFU84,GB-COH|00230748,1,false
XI-LEI-549300BHBLZT38LP0T75,XI-LEI|549300BHBLZT38LP0T75,0,true
XI-LEI-549300BHBLZT38LP0T75,GB-COH|SC123106,1,false
XI-LEI-549300CBTY31RKLLW578,XI-LEI|549300CBTY31RKLLW578,0,true
XI-LEI-549300CBTY31RKLLW578,GB-COH|01214291,1,false
XI-LEI-549300CC4BI5U2VDJV83,XI-LEI|549300CC4BI5U2VDJV83,0,true
XI-LEI-549300CC4BI5U2VDJV83,GB-COH|00615393,1,false
XI-LEI-549300CMZNMGCZJWCG08,XI-LEI|549300CMZNMGCZJWCG08,0,true
XI-LEI-549300CMZNMGCZJWCG08,AU-ABN|653 709 810,1,false
XI-LEI-549300CRVT18MXX0AG93,XI-LEI|549300CRVT18MXX0AG93,0,true
XI-LEI-549300CRVT18MXX0AG93,GB-COH|01290444,1,false
XI-LEI-549300CW7XPU9N2S3034,XI-LEI|549300CW7XPU9N2S3034,0,true
XI-LEI-549300CW7XPU9N2S3034,GB-COH|02239062,1,false
XI-LEI-549300E0XYHGX3YQ0M28,XI-LEI|549300E0XYHGX3YQ0M28,0,true
XI-LEI-549300E0XYHGX3YQ0M28,GB-COH|02160234,1,false
XI-LEI-549300EIY4CEHS3VR850,XI-LEI|549300EIY4CEHS3VR850,0,true
XI-LEI-549300EIY4CEHS3VR850,US-SAM|2625238,1,false
XI-LEI-549300FCC78N6YBKPP79,XI-LEI|549300FCC78N6YBKPP79,0,true
XI-LEI-549300FCC78N6YBKPP79,GB-COH|05998019,1,false
XI-LEI-549300SIG9E2EYEYJD24,XI-LEI|549300SIG9E2EYEYJD24,0,true
XI-LEI-549300SIG9E2EYEYJD24,RO-CUI|J23/605/2003,1,false
XI-LEI-549300TDJC5X1HQFVS97,XI-LEI|549300TDJC5X1HQFVS97,0,true
XI-LEI-549300TDJC5X1HQFVS97,IT-RI|01144480587,1,false
XI-LEI-549300U1FMIS4ZCKGM81,XI-LEI|549300U1FMIS4ZCKGM81,0,true
XI-LEI-549300U1FMIS4ZCKGM81,SG-ACRA|200510582K,1,false
XI-LEI-549300VA66S81U2FG151,XI-LEI|549300VA66S81U2FG151,0,true
XI-LEI-549300VA66S81U2FG151,GB-COH|01150609,1,false
XI-LEI-549300WG1KHXYZK4FN31,XI-LEI|549300WG1KHXYZK4FN31,0,true
XI-LEI-549300WG1KHXYZK4FN31,GB-COH|01021007,1,false
XI-LEI-G1KG0OQD10NOMCMLDZ35,XI-LEI|G1KG0OQD10NOMCMLDZ35,0,true
XI-LEI-G1KG0OQD10NOMCMLDZ35,GB-COH|00542515,1,false
XI-LEI-254900BCHAHIH6LIMH46,XI-LEI|254900BCHAHIH6LIMH46,0,true
XI-LEI-254900BCHAHIH6LIMH46,US-SAM|3675,1,false
XI-LEI-254900HJ9HXOBA1QQV90,XI-LEI|254900HJ9HXOBA1QQV90,0,true
XI-LEI-254900HJ9HXOBA1QQV90,US-SAM|7444065,1,false
XI-LEI-254900ZNKJZYGD4G1S03,XI-LEI|254900ZNKJZYGD4G1S03,0,true
XI-LEI-254900ZNKJZYGD4G1S03,US-SAM|0803235501,1,false
XI-LEI-7245003VD7E4T30HJD24,XI-LEI|7245003VD7E4T30HJD24,0,true
XI-LEI-7245003VD7E4T30HJD24,NL-KVK|80003354,1,false
GB-COH-02316280,GB-COH|02316280,0,true
GB-COH-03947697,GB-COH|03947697,0,true
GB-COH-12777775,GB-COH|12777775,0,true
GB-COH-00304682,GB-COH|00304682,0,true
GB-COH-06226615,GB-COH|06226615,0,true
GB-COH-00510676,GB-COH|00510676,0,true
GB-COH-04622959,GB-COH|04622959,0,true
GB-COH-14708857,GB-COH|14708857,0,true
GB-COH-12733601,GB-COH|12733601,0,true
GB-COH-06720009,GB-COH|06720009,0,true
GB-COH-00553535,GB-COH|00553535,0,true
GB-COH-09023011,GB-COH|09023011,0,true
GB-COH-10087465,GB-COH|10087465,0,true
GB-COH-04342803,GB-COH|04342803,0,true
GB-COH-00759094,GB-COH|00759094,0,true
GB-COH-02063581,GB-COH|02063581,0,true
GB-COH-01744961,GB-COH|01744961,0,true
GB-COH-16116079,GB-COH|16116079,0,true
GB-COH-00260320,GB-COH|00260320,0,true
GB-COH-00140141,GB-COH|00140141,0,true
GB-COH-00746708,GB-COH|00746708,0,true
GB-COH-13497263,GB-COH|13497263,0,true
GB-COH-13497271,GB-COH|13497271,0,true
GB-COH-01150609,GB-COH|01150609,0,true
GB-COH-01378710,GB-COH|01378710,0,true
GB-COH-10867225,GB-COH|10867225,0,true
GB-COH-SC123106,GB-COH|SC123106,0,true
GB-COH-00871912,GB-COH|00871912,0,true
GB-COH-01228157,GB-COH|01228157,0,true
GB-COH-02544586,GB-COH|02544586,0,true
GB-COH-04622996,GB-COH|04622996,0,true
GB-COH-SC387672,GB-COH|SC387672,0,true
GB-COH-SC005098,GB-COH|SC005098,0,true
GB-COH-12825643,GB-COH|12825643,0,true
GB-COH-00149435,GB-COH|00149435,0,true
GB-COH-00432981,GB-COH|00432981,0,true
GB-COH-00234106,GB-COH|00234106,0,true
GB-COH-00654667,GB-COH|00654667,0,true
GB-COH-00273831,GB-COH|00273831,0,true
GB-COH-03189276,GB-COH|03189276,0,true
GB-COH-13789822,GB-COH|13789822,0,true
GB-COH-10129878,GB-COH|10129878,0,true
GB-COH-13497268,GB-COH|13497268,0,true
GB-COH-13497266,GB-COH|13497266,0,true
GB-COH-01454944,GB-COH|01454944,0,true
GB-COH-01918796,GB-COH|01918796,0,true
GB-COH-15604635,GB-COH|15604635,0,true
GB-COH-09494479,GB-COH|09494479,0,true
GB-COH-00735658,GB-COH|00735658,0,true
GB-COH-01150608,GB-COH|01150608,0,true
GB-COH-00554057,GB-COH|00554057,0,true
GB-COH-00593645,GB-COH|00593645,0,true
GB-COH-SC725848,GB-COH|SC725848,0,true
GB-COH-11352422,GB-COH|11352422,0,true
GB-COH-01030652,GB-COH|01030652,0,true
GB-COH-05998019,GB-COH|05998019,0,true
GB-COH-08842913,GB-COH|08842913,0,true
GB-COH-01094398,GB-COH|01094398,0,true
GB-COH-08298838,GB-COH|08298838,0,true
GB-COH-00455852,GB-COH|00455852,0,true
GB-COH-07540266,GB-COH|07540266,0,true
GB-COH-15860354,GB-COH|15860354,0,true
GB-COH-01290444,GB-COH|01290444,0,true
GB-COH-00651878,GB-COH|00651878,0,true
GB-COH-00194971,GB-COH|00194971,0,true
GB-COH-00517403,GB-COH|00517403,0,true
GB-COH-04116177,GB-COH|04116177,0,true
GB-COH-02239062,GB-COH|02239062,0,true
GB-COH-SC107896,GB-COH|SC107896,0,true
GB-COH-14846392,GB-COH|14846392,0,true
GB-COH-SC000792,GB-COH|SC000792,0,true
GB-COH-05319369,GB-COH|05319369,0,true
GB-COH-00211858,GB-COH|00211858,0,true
GB-COH-04145621,GB-COH|04145621,0,true
GB-COH-14829647,GB-COH|14829647,0,true
GB-COH-12169614,GB-COH|12169614,0,true
GB-COH-00263889,GB-COH|00263889,0,true
GB-COH-13464292,GB-COH|13464292,0,true
GB-COH-00176671,GB-COH|00176671,0,true
GB-COH-08274009,GB-COH|08274009,0,true
GB-COH-06034588,GB-COH|06034588,0,true
GB-COH-15319995,GB-COH|15319995,0,true
GB-COH-13448827,GB-COH|13448827,0,true
GB-COH-00542515,GB-COH|00542515,0,true
GB-COH-00321630,GB-COH|00321630,0,true
GB-COH-05639411,GB-COH|05639411,0,true
GB-COH-14860361,GB-COH|14860361,0,true
GB-COH-14860118,GB-COH|14860118,0,true
GB-COH-15635784,GB-COH|15635784,0,true
GB-COH-14860102,GB-COH|14860102,0,true
GB-COH-13698426,GB-COH|13698426,0,true
GB-COH-01214291,GB-COH|01214291,0,true
GB-COH-00591214,GB-COH|00591214,0,true
GB-COH-00240425,GB-COH|00240425,0,true
GB-COH-10202089,GB-COH|10202089,0,true
GB-COH-14789320,GB-COH|14789320,0,true
GB-COH-00322365,GB-COH|00322365,0,true
GB-COH-00146560,GB-COH|00146560,0,true
GB-COH-04942439,GB-COH|04942439,0,true
GB-COH-00446915,GB-COH|00446915,0,true
GB-COH-01858781,GB-COH|01858781,0,true
GB-COH-00567280,GB-COH|00567280,0,true
GB-COH-00190435,GB-COH|00190435,0,true
GB-COH-00102498,GB-COH|00102498,0,true
GB-COH-12097961,GB-COH|12097961,0,true
GB-COH-00230748,GB-COH|00230748,0,true
GB-COH-01337112,GB-COH|01337112,0,true
GB-COH-00699446,GB-COH|00699446,0,true
GB-COH-12735096,GB-COH|12735096,0,true
GB-COH-02565511,GB-COH|02565511,0,true
GB-COH-11700098,GB-COH|11700098,0,true
GB-COH-00140132,GB-COH|00140132,0,true
GB-COH-11719854,GB-COH|11719854,0,true
GB-COH-01553681,GB-COH|01553681,0,true
GB-COH-14860376,GB-COH|14860376,0,true
GB-COH-12536263,GB-COH|12536263,0,true
GB-COH-12349056,GB-COH|12349056,0,true
GB-COH-14846404,GB-COH|14846404,0,true
GB-COH-03604330,GB-COH|03604330,0,true
GB-COH-SL027312,GB-COH|SL027312,0,true
GB-COH-07152266,GB-COH|07152266,0,true
GB-COH-00026538,GB-COH|00026538,0,true
GB-COH-SC051614,GB-COH|SC051614,0,true
GB-COH-01732696,GB-COH|01732696,0,true
GB-COH-00178353,GB-COH|00178353,0,true
GB-COH-11428488,GB-COH|11428488,0,true
GB-COH-10953957,GB-COH|10953957,0,true
GB-COH-00325744,GB-COH|00325744,0,true
GB-COH-10542068,GB-COH|10542068,0,true
GB-COH-00590743,GB-COH|00590743,0,true
GB-COH-04951416,GB-COH|04951416,0,true
GB-COH-00609762,GB-COH|00609762,0,true
XI-LEI-391200PKEUF3Y2NUMW25,XI-LEI|391200PKEUF3Y2NUMW25,0,true
XI-LEI-391200PKEUF3Y2NUMW25,DE-CR|HRB 184025,1,false
XI-LEI-253400JT3MQWNDKMJE44,XI-LEI|253400JT3MQWNDKMJE44,0,true
XI-LEI-253400JT3MQWNDKMJE44,RU-INN|1027700043502,1,false
XI-LEI-25340076BE9D5XUK4H54,XI-LEI|25340076BE9D5XUK4H54,0,true
XI-LEI-25340076BE9D5XUK4H54,RU-INN|1172536017356,1,false
XI-LEI-253400EDWTVJSHMJ4D40,XI-LEI|253400EDWTVJSHMJ4D40,0,true
XI-LEI-253400EDWTVJSHMJ4D40,RU-INN|1027739462630,1,false
XI-LEI-213800AE1BBT5FYQGO52,XI-LEI|213800AE1BBT5FYQGO52,0,true
XI-LEI-213800AE1BBT5FYQGO52,JE-FSC|41260,1,false
XI-LEI-4OFD47D73QFJ1T1MOF29,XI-LEI|4OFD47D73QFJ1T1MOF29,0,true
XI-LEI-4OFD47D73QFJ1T1MOF29,GB-COH|00184594,1,false
XI-LEI-549300U2MZ5WWK8T4F93,XI-LEI|549300U2MZ5WWK8T4F93,0,true
XI-LEI-549300U2MZ5WWK8T4F93,US-SAM|C1643648,1,false
XI-LEI-54930037QVI60C8PTH78,XI-LEI|54930037QVI60C8PTH78,0,true
XI-LEI-54930037QVI60C8PTH78,GB-COH|04521108,1,false
XI-LEI-549300RIZJIA5P32N949,XI-LEI|549300RIZJIA5P32N949,0,true
XI-LEI-549300RIZJIA5P32N949,GB-COH|04521116,1,false
XI-LEI-549300H04VOZRXNDBI22,XI-LEI|549300H04VOZRXNDBI22,0,true
XI-LEI-549300H04VOZRXNDBI22,GB-COH|03209327,1,false
XI-LEI-549300E13J5YVGT4E586,XI-LEI|549300E13J5YVGT4E586,0,true
XI-LEI-549300E13J5YVGT4E586,GB-COH|01693108,1,false
GB-COH-11573312,GB-COH|11573312,0,true
GB-COH-09788236,GB-COH|09788236,0,true
GB-COH-03545857,GB-COH|03545857,0,true
GB-COH-04282263,GB-COH|04282263,0,true
GB-COH-03015855,GB-COH|03015855,0,true
GB-COH-10872547,GB-COH|10872547,0,true
GB-COH-09120252,GB-COH|09120252,0,true
GB-COH-00084121,GB-COH|00084121,0,true
GB-COH-07111468,GB-COH|07111468,0,true
GB-COH-10644366,GB-COH|10644366,0,true
GB-COH-03291550,GB-COH|03291550,0,true
GB-COH-01482455,GB-COH|01482455,0,true
GB-COH-05528329,GB-COH|05528329,0,true
GB-COH-03410466,GB-COH|03410466,0,true
GB-COH-02246951,GB-COH|02246951,0,true
GB-COH-04118004,GB-COH|04118004,0,true
GB-COH-03708142,GB-COH|03708142,0,true
GB-COH-05765286,GB-COH|05765286,0,true
GB-COH-04521116,GB-COH|04521116,0,true
GB-COH-01163844,GB-COH|01163844,0,true
GB-COH-12867899,GB-COH|12867899,0,true
GB-COH-04071890,GB-COH|04071890,0,true
GB-COH-05418537,GB-COH|05418537,0,true
GB-COH-03394910,GB-COH|03394910,0,true
GB-COH-05830195,GB-COH|05830195,0,true
GB-COH-00272225,GB-COH|00272225,0,true
GB-COH-04485808,GB-COH|04485808,0,true
GB-COH-07440158,GB-COH|07440158,0,true
GB-COH-03709742,GB-COH|03709742,0,true
GB-COH-01693108,GB-COH|01693108,0,true
GB-COH-02251116,GB-COH|02251116,0,true
GB-COH-00184594,GB-COH|00184594,0,true
GB-COH-00640846,GB-COH|00640846,0,true
GB-COH-09876101,GB-COH|09876101,0,true
GB-COH-14525603,GB-COH|14525603,0,true
GB-COH-03403993,GB-COH|03403993,0,true
GB-COH-03394992,GB-COH|03394992,0,true
GB-COH-03209327,GB-COH|03209327,0,true
GB-COH-07918137,GB-COH|07918137,0,true
GB-COH-00081701,GB-COH|00081701,0,true
GB-COH-15065208,GB-COH|15065208,0,true
GB-COH-06341444,GB-COH|06341444,0,true
