start_key,end_key,type,ordinal
XI-LEI-391200GAL2O80LVLFJ24,c4160ae290f80ba9c9aa5bba11648dc2,registered,0
XI-LEI-391200GAL2O80LVLFJ24,c4160ae290f80ba9c9aa5bba11648dc2,business,1
XI-LEI-5493009Y0WGGYKD2X888,f86b86eee81c89d7dc049646a43f2981,registered,0
XI-LEI-5493009Y0WGGYKD2X888,f86b86eee81c89d7dc049646a43f2981,business,1
XI-LEI-2138004C9R5QI9R5YH02,3e3c7576a3df01635fb0b1b5636f2273,registered,0
XI-LEI-2138004C9R5QI9R5YH02,3e3c7576a3df01635fb0b1b5636f2273,business,1
XI-LEI-213800XWU7V7WDEQK620,3e3c7576a3df01635fb0b1b5636f2273,registered,0
XI-LEI-213800XWU7V7WDEQK620,3e3c7576a3df01635fb0b1b5636f2273,business,1
XI-LEI-549300KY6HKK0GECYX39,102060f3a1aa7fd3d117681b11cab8c5,registered,0
XI-LEI-549300KY6HKK0GECYX39,7e639c74debbf0abdf58c1cae1b36621,business,1
XI-LEI-549300FNQS5QUAPENQ15,102060f3a1aa7fd3d117681b11cab8c5,registered,0
XI-LEI-549300FNQS5QUAPENQ15,f6cbf62f95eb7f905bf50a44783b5595,business,1
XI-LEI-549300WRI3IMTMV3P242,07f0407fc998a1e7687d51a560b7fc89,registered,0
XI-LEI-549300WRI3IMTMV3P242,07f0407fc998a1e7687d51a560b7fc89,business,1
XI-LEI-W9NG6WMZIYEU8VEDOG48,ded669cebaa83c45a91a561edef6b11f,registered,0
XI-LEI-W9NG6WMZIYEU8VEDOG48,ded669cebaa83c45a91a561edef6b11f,business,1
XI-LEI-2138007V5RO48KLMZF61,3e3c7576a3df01635fb0b1b5636f2273,registered,0
XI-LEI-2138007V5RO48KLMZF61,3e3c7576a3df01635fb0b1b5636f2273,business,1
XI-LEI-2138002S3XGZ38WN5Q72,3e3c7576a3df01635fb0b1b5636f2273,registered,0
XI-LEI-2138002S3XGZ38WN5Q72,3e3c7576a3df01635fb0b1b5636f2273,business,1
XI-LEI-254900CL1QRNJC42HA89,03e911346577356c42156fb74304ee7b,registered,0
XI-LEI-254900CL1QRNJC42HA89,6983a3371ce9a3824c7f999e35b69373,business,1
XI-LEI-549300HLOJDV9GDG8H69,e22e099288e3782ff07fb06ac9e87602,registered,0
XI-LEI-549300HLOJDV9GDG8H69,5a28b205b3ee630e564b5bab4179d26b,business,1
XI-LEI-213800THGIUR8XF8OZ68,3e3c7576a3df01635fb0b1b5636f2273,registered,0
XI-LEI-213800THGIUR8XF8OZ68,3e3c7576a3df01635fb0b1b5636f2273,business,1
XI-LEI-5493003I024VW3EM4E21,07f0407fc998a1e7687d51a560b7fc89,registered,0
XI-LEI-5493003I024VW3EM4E21,07f0407fc998a1e7687d51a560b7fc89,business,1
XI-LEI-549300Q8HMKBGXWJ3Q83,ded669cebaa83c45a91a561edef6b11f,registered,0
XI-LEI-549300Q8HMKBGXWJ3Q83,ded669cebaa83c45a91a561edef6b11f,business,1
XI-LEI-549300TKCR7ADX1M3969,ded669cebaa83c45a91a561edef6b11f,registered,0
XI-LEI-549300TKCR7ADX1M3969,ded669cebaa83c45a91a561edef6b11f,business,1
XI-LEI-2138001I4N44QV4N1858,6e34e79ecce54017ee47a7fecba6a10e,registered,0
XI-LEI-2138001I4N44QV4N1858,6e34e79ecce54017ee47a7fecba6a10e,business,1
XI-LEI-213800BXZH7RWO84SI42,3e3c7576a3df01635fb0b1b5636f2273,registered,0
XI-LEI-213800BXZH7RWO84SI42,3e3c7576a3df01635fb0b1b5636f2273,business,1
XI-LEI-213800FUUO6AEPNKR357,3e3c7576a3df01635fb0b1b5636f2273,registered,0
XI-LEI-213800FUUO6AEPNKR357,3e3c7576a3df01635fb0b1b5636f2273,business,1
XI-LEI-213800LX24J8JOPTTD69,3e3c7576a3df01635fb0b1b5636f2273,registered,0
XI-LEI-213800LX24J8JOPTTD69,3e3c7576a3df01635fb0b1b5636f2273,business,1
XI-LEI-549300LOMJ5CLDVY0Q25,102060f3a1aa7fd3d117681b11cab8c5,registered,0
XI-LEI-549300LOMJ5CLDVY0Q25,102060f3a1aa7fd3d117681b11cab8c5,business,1
XI-LEI-5493002L8GVKESUG4F17,ded669cebaa83c45a91a561edef6b11f,registered,0
XI-LEI-5493002L8GVKESUG4F17,ded669cebaa83c45a91a561edef6b11f,business,1
XI-LEI-213800FYWZ9EB11MZN49,18d2dfd914975c0e26e91c6fd9ed58c1,registered,0
XI-LEI-213800FYWZ9EB11MZN49,18d2dfd914975c0e26e91c6fd9ed58c1,business,1
XI-LEI-549300P6NB0L4DRUES61,102060f3a1aa7fd3d117681b11cab8c5,registered,0
XI-LEI-549300P6NB0L4DRUES61,5d48c44da0031c6507a60fee8896945d,business,1
XI-LEI-549300ABXTV7J6G2BT66,e22e099288e3782ff07fb06ac9e87602,registered,0
XI-LEI-549300ABXTV7J6G2BT66,d2f069eab539c22bf5f7f41a0c8cf90d,business,1
XI-LEI-549300RQNRIL5TRKCH60,102060f3a1aa7fd3d117681b11cab8c5,registered,0
XI-LEI-549300RQNRIL5TRKCH60,2aff6aba4c7f11cde9ef7a2f0db22f4a,business,1
XI-LEI-549300VWE9Z19DIFSS06,166ec914d916b900ca2097f9076cb230,registered,0
XI-LEI-549300VWE9Z19DIFSS06,edebef0757bd96af8da2cb22614ac2ea,business,1
XI-LEI-2138003JK1RS6TXUZB17,3e3c7576a3df01635fb0b1b5636f2273,registered,0
XI-LEI-2138003JK1RS6TXUZB17,0e90f2d972553571dfae3cdf6af6c0f8,business,1
XI-LEI-2138002D49GG1O189L31,75fd12a7c25b539cf507479b1e6daab8,registered,0
XI-LEI-2138002D49GG1O189L31,75fd12a7c25b539cf507479b1e6daab8,business,1
XI-LEI-213800SBT2QLGP2Y4974,4866278c3f189a15b74e25035d17f07d,registered,0
XI-LEI-213800SBT2QLGP2Y4974,4866278c3f189a15b74e25035d17f07d,business,1
XI-LEI-213800YUOGJWKMJMX615,3e3c7576a3df01635fb0b1b5636f2273,registered,0
XI-LEI-213800YUOGJWKMJMX615,3e3c7576a3df01635fb0b1b5636f2273,business,1
XI-LEI-213800Z9Y4GC3RCHQK87,6e34e79ecce54017ee47a7fecba6a10e,registered,0
XI-LEI-213800Z9Y4GC3RCHQK87,6e34e79ecce54017ee47a7fecba6a10e,business,1
XI-LEI-549300YSMIW80PKBJP33,e22e099288e3782ff07fb06ac9e87602,registered,0
XI-LEI-549300YSMIW80PKBJP33,8614a5609d9f8915121ef8fcf19accad,business,1
XI-LEI-549300HRMHKQNIYGN596,e22e099288e3782ff07fb06ac9e87602,registered,0
XI-LEI-549300HRMHKQNIYGN596,d2f069eab539c22bf5f7f41a0c8cf90d,business,1
XI-LEI-213800JDY3WNXKILP121,3e3c7576a3df01635fb0b1b5636f2273,registered,0
XI-LEI-213800JDY3WNXKILP121,6e34e79ecce54017ee47a7fecba6a10e,business,1
XI-LEI-549300H1I4IKVIEET127,102060f3a1aa7fd3d117681b11cab8c5,registered,0
XI-LEI-549300H1I4IKVIEET127,216fbab2a104bf3775a2de75841e799d,business,1
XI-LEI-213800MV52QOR3TCID39,3e3c7576a3df01635fb0b1b5636f2273,registered,0
XI-LEI-213800MV52QOR3TCID39,3e3c7576a3df01635fb0b1b5636f2273,business,1
XI-LEI-213800NW1M8A9JCNYT42,0901e80d2afd44145e83f8a6291878e6,registered,0
XI-LEI-213800NW1M8A9JCNYT42,0901e80d2afd44145e83f8a6291878e6,business,1
XI-LEI-5493003R5R3GH59BZM53,e22e099288e3782ff07fb06ac9e87602,registered,0
XI-LEI-5493003R5R3GH59BZM53,56e0d1cda29ceb32002ab55e7c2b20a4,business,1
XI-LEI-549300412T1959YGZP28,102060f3a1aa7fd3d117681b11cab8c5,registered,0
XI-LEI-549300412T1959YGZP28,1782ba6eed260b5763e04ba7d4caa3e6,business,1
XI-LEI-5493004N8936WVL23W35,102060f3a1aa7fd3d117681b11cab8c5,registered,0
XI-LEI-5493004N8936WVL23W35,80582dd3d4bbc53f0fc6b0a3c77dbf05,business,1
XI-LEI-549300CFRPJRWHKXNB76,102060f3a1aa7fd3d117681b11cab8c5,registered,0
XI-LEI-549300CFRPJRWHKXNB76,216fbab2a104bf3775a2de75841e799d,business,1
XI-LEI-549300GXQWY7TOWC7Y75,102060f3a1aa7fd3d117681b11cab8c5,registered,0
XI-LEI-549300GXQWY7TOWC7Y75,312c590ac93bab39406130a374cfe82f,business,1
XI-LEI-213800VD287CR15QNH11,6c115926660453c95c8c75e03fa94071,registered,0
XI-LEI-213800VD287CR15QNH11,6c115926660453c95c8c75e03fa94071,business,1
GB-COH-04984787,843ad54aaa2bbb586b1bf1f0574baa56,registered,0
GB-COH-15920551,843ad54aaa2bbb586b1bf1f0574baa56,registered,0
GB-COH-00511097,d7af50c30b2b35b74347ea52b81c5ef9,registered,0
GB-COH-11032246,575ad205a1de984e11b02b6fa1c000fa,registered,0
GB-COH-11032205,575ad205a1de984e11b02b6fa1c000fa,registered,0
GB-COH-11120527,40c9115cada93283365cc9319cd48573,registered,0
GB-COH-07640868,843ad54aaa2bbb586b1bf1f0574baa56,registered,0
GB-COH-11116433,40c9115cada93283365cc9319cd48573,registered,0
XI-LEI-2138008KTNTDICZU8L25,e4fe1a27deac68e0b0074db282f4ca61,registered,0
XI-LEI-2138008KTNTDICZU8L25,e4fe1a27deac68e0b0074db282f4ca61,business,1
XI-LEI-549300KBNGV4NYY3GE68,294346d6b65ac40b836f648183a4a8d8,registered,0
XI-LEI-549300KBNGV4NYY3GE68,294346d6b65ac40b836f648183a4a8d8,business,1
XI-LEI-894500MDF6I8J93LO347,eb6516913a70fa18916225e81a8da23d,registered,0
XI-LEI-894500MDF6I8J93LO347,6e8e29061577a0be2647710c5c81423f,business,1
XI-LEI-2763RIUHRUXVYE8VBI52,b9f870a6580d1b7f6637f5f0e52a5b39,registered,0
XI-LEI-2763RIUHRUXVYE8VBI52,3bcd62d91fbeb72192be3e30333067fb,business,1
XI-LEI-213800IJGJFB3GND1T26,720111f582f7e3957eb9c58d7db544b1,registered,0
XI-LEI-213800IJGJFB3GND1T26,24e80483c021e71e680c9c63238b106e,business,1
GB-COH-01126618,99e82b9881f503e5c6128596a109eef9,registered,0
XI-LEI-2138008RB4WDK7HYYS91,84154a52f5d58850671cea8f6a1fee2c,registered,0
XI-LEI-2138008RB4WDK7HYYS91,84154a52f5d58850671cea8f6a1fee2c,business,1
XI-LEI-213800MR49XK2JV4F829,84154a52f5d58850671cea8f6a1fee2c,registered,0
XI-LEI-213800MR49XK2JV4F829,84154a52f5d58850671cea8f6a1fee2c,business,1
GB-COH-06006643,08e244e81a3d78e07101e92c8057e922,registered,0
GB-COH-09142569,b872dcda3171070445f47c1552715df9,registered,0
GB-COH-03886399,b872dcda3171070445f47c1552715df9,registered,0
GB-COH-SC338426,b6e1bb1cdc451e1740e5ce8a1ae0c7f4,registered,0
GB-COH-SC219887,85d80c5ce087b0f85f7153f1e4a7e9ed,registered,0
GB-COH-07820781,54dc14213bf040403893f284f93b7d8b,registered,0
GB-COH-14177056,ec8034b84dcb926430f9d87cee17fa26,registered,0
GB-COH-05656364,ddcdcf5bc70374d76b8b5d7063c71705,registered,0
GB-COH-07155949,ddcdcf5bc70374d76b8b5d7063c71705,registered,0
GB-COH-06799825,54dc14213bf040403893f284f93b7d8b,registered,0
GB-COH-04081901,ddcdcf5bc70374d76b8b5d7063c71705,registered,0
GB-COH-06409675,ddcdcf5bc70374d76b8b5d7063c71705,registered,0
GB-COH-04602885,ddcdcf5bc70374d76b8b5d7063c71705,registered,0
GB-COH-14171811,ec8034b84dcb926430f9d87cee17fa26,registered,0
GB-COH-10336040,ddcdcf5bc70374d76b8b5d7063c71705,registered,0
GB-COH-14173716,ec8034b84dcb926430f9d87cee17fa26,registered,0
GB-COH-03158124,54dc14213bf040403893f284f93b7d8b,registered,0
GB-COH-02563623,54dc14213bf040403893f284f93b7d8b,registered,0
GB-COH-15748728,54dc14213bf040403893f284f93b7d8b,registered,0
GB-COH-02393309,f45a8a8a3ebea68344f5aeb8c4a4550c,registered,0
GB-COH-07255980,ddcdcf5bc70374d76b8b5d7063c71705,registered,0
GB-COH-07389613,5b888a98c354db64c4fe8491fce345fe,registered,0
GB-COH-09926796,54dc14213bf040403893f284f93b7d8b,registered,0
GB-COH-02485860,b872dcda3171070445f47c1552715df9,registered,0
XI-LEI-5586006ZEFQ542K7CY16,8824cb65349e468b431df847c9988947,registered,0
XI-LEI-5586006ZEFQ542K7CY16,8824cb65349e468b431df847c9988947,business,1
XI-LEI-78900067TT5DRBFBDN88,98e292ed3c61fda45b2ae9851e3eeddd,registered,0
XI-LEI-78900067TT5DRBFBDN88,3df36f51118365ff9378c892b77c2e6b,business,1
XI-LEI-558600EF1LZ82YHRMV66,baa01e36347a1aed64e7c72ee7a95b54,registered,0
XI-LEI-558600EF1LZ82YHRMV66,baa01e36347a1aed64e7c72ee7a95b54,business,1
XI-LEI-254900QAYP91G6IT9S19,4f3fcab664ac42553b00aedc238c8feb,registered,0
XI-LEI-254900QAYP91G6IT9S19,0af6cb734024e5ff404b9017349adf8f,business,1
XI-LEI-558600JIICYLBWQXML82,743b37b912c6f3059f4f93e42ab58171,registered,0
XI-LEI-558600JIICYLBWQXML82,918657c2a1583f7f26a2c7aaa8852bda,business,1
XI-LEI-254900WTRWZEZCPDUX78,4f3fcab664ac42553b00aedc238c8feb,registered,0
XI-LEI-254900WTRWZEZCPDUX78,0af6cb734024e5ff404b9017349adf8f,business,1
XI-LEI-2549003H0S48GD7PM233,4f3fcab664ac42553b00aedc238c8feb,registered,0
XI-LEI-2549003H0S48GD7PM233,0af6cb734024e5ff404b9017349adf8f,business,1
XI-LEI-5586007HYS59B0NF2875,ec8d55239863267a3434e7929f10076d,registered,0
XI-LEI-5586007HYS59B0NF2875,ec8d55239863267a3434e7929f10076d,business,1
XI-LEI-558600PYVWFWMUJOFH53,6205843111d5c326951a75c31f8a61e5,registered,0
XI-LEI-558600PYVWFWMUJOFH53,2cfa4881c71c26e87016cdb3c3a5f31c,business,1
XI-LEI-558600YVNWCJ1L7RA642,e0aec2528f0c05a787d53cd4d950a406,registered,0
XI-LEI-558600YVNWCJ1L7RA642,e0aec2528f0c05a787d53cd4d950a406,business,1
XI-LEI-789000DWLOUQNDCW8W61,5dfb0d1ee4296e8c4e01d25604f74222,registered,0
XI-LEI-789000DWLOUQNDCW8W61,5dfb0d1ee4296e8c4e01d25604f74222,business,1
XI-LEI-635400BL7XGTQHK8HM19,1b515fc70234f196bdfd87a0a79530ad,registered,0
XI-LEI-635400BL7XGTQHK8HM19,e22327736b6e8f6c403b302f0c3a0c51,business,1
XI-LEI-5493005ECQRC5SLACT53,f1f7d5d2b24f3aaa5933f73e92af8e04,registered,0
XI-LEI-5493005ECQRC5SLACT53,f1f7d5d2b24f3aaa5933f73e92af8e04,business,1
XI-LEI-25490082FQJTDUC7Y169,4f3fcab664ac42553b00aedc238c8feb,registered,0
XI-LEI-25490082FQJTDUC7Y169,0af6cb734024e5ff404b9017349adf8f,business,1
XI-LEI-213800AG2V6YE68H5N63,93335ed8cd8150f9fd93d567ae77fa41,registered,0
XI-LEI-213800AG2V6YE68H5N63,93335ed8cd8150f9fd93d567ae77fa41,business,1
XI-LEI-558600JW2XPMLG97TV14,ee217a14ca40eebffb4e5db6d3d88d4b,registered,0
XI-LEI-558600JW2XPMLG97TV14,ee217a14ca40eebffb4e5db6d3d88d4b,business,1
XI-LEI-558600QX2SVCL51BY860,7ce881c67f5e5c374e71cb3386dfd057,registered,0
XI-LEI-558600QX2SVCL51BY860,7ce881c67f5e5c374e71cb3386dfd057,business,1
XI-LEI-7N7YKE66OZ27KON72O26,405dab32b49f83e2b623266693836a72,registered,0
XI-LEI-7N7YKE66OZ27KON72O26,405dab32b49f83e2b623266693836a72,business,1
GB-COH-12419163,86cf08b2302e424b7e955e2c379add59,registered,0
GB-COH-03281264,9030b401e86faaa2f7917d35b95963e1,registered,0
GB-COH-03305197,84011e4525fcb543f3b22e904c2592f4,registered,0
GB-COH-03299418,a3749ed8d8e48be98448de6e7edcb987,registered,0
GB-COH-03305223,84011e4525fcb543f3b22e904c2592f4,registered,0
GB-COH-03305117,f9311e4e47999c894fef4144275a85f3,registered,0
GB-COH-05982811,37d80dd932e7397223f316451d65b4b0,registered,0
GB-COH-05981582,7bb74461955b96a000bf2d7ecc351b68,registered,0
GB-COH-14525696,dead5dd044b17b434dc1d6b7e288abb0,registered,0
GB-COH-00031014,9e8123ad87b10223485949208e6396cb,registered,0
GB-COH-03304752,84011e4525fcb543f3b22e904c2592f4,registered,0
GB-COH-03305238,84011e4525fcb543f3b22e904c2592f4,registered,0
GB-COH-02529667,f445332c579e60f817ca90a8966a0781,registered,0
GB-COH-03305181,84011e4525fcb543f3b22e904c2592f4,registered,0
GB-COH-03305201,84011e4525fcb543f3b22e904c2592f4,registered,0
GB-COH-03305173,84011e4525fcb543f3b22e904c2592f4,registered,0
GB-COH-03281103,c599021d4e97e577ec3d774dca0e3cc9,registered,0
GB-COH-03281010,9030b401e86faaa2f7917d35b95963e1,registered,0
GB-COH-03305112,f9311e4e47999c894fef4144275a85f3,registered,0
GB-COH-03305231,84011e4525fcb543f3b22e904c2592f4,registered,0
GB-COH-11205113,e39dc7bd03de40b3f4c443bfb76996c2,registered,0
GB-COH-12415316,3528d835c698ecb0dcaad0dbf8173ae6,registered,0
GB-COH-05042139,85671f65ffb3abd61def49bf33a230c7,registered,0
GB-COH-11128634,dc26e3b2ca897494a6f99a334522bc9a,registered,0
GB-COH-03383583,84011e4525fcb543f3b22e904c2592f4,registered,0
GB-COH-04273370,84011e4525fcb543f3b22e904c2592f4,registered,0
GB-COH-06861426,a1c7a20fc85a12ff6b05506a135700e2,registered,0
GB-COH-06254688,a1c7a20fc85a12ff6b05506a135700e2,registered,0
GB-COH-03796850,a03802c02a773a066d8dabf19204901e,registered,0
GB-COH-12388231,a30f10d83073f4e72a115299a1616077,registered,0
GB-COH-03280933,7bb3f07560284be59a01136d35d277de,registered,0
XI-LEI-213800DBE5Y9ZM58PN63,ecddb73ca6db55566dd1a0572c004700,registered,0
XI-LEI-213800DBE5Y9ZM58PN63,ecddb73ca6db55566dd1a0572c004700,business,1
GB-COH-10498997,fb4ffd3e0f6853f1f2eaa741a4b52162,registered,0
GB-COH-10787931,fb4ffd3e0f6853f1f2eaa741a4b52162,registered,0
GB-COH-03462881,fb4ffd3e0f6853f1f2eaa741a4b52162,registered,0
GB-COH-02482660,fb4ffd3e0f6853f1f2eaa741a4b52162,registered,0
GB-COH-11078321,fb4ffd3e0f6853f1f2eaa741a4b52162,registered,0
GB-COH-05743495,fb4ffd3e0f6853f1f2eaa741a4b52162,registered,0
GB-COH-ENT-10787931-2xgy7SArA1de15zvlarnJDXAw60,ecb2f4293d8071706f7e3bcdd78102f6,alternative,0
GB-COH-02243045,93ef316871c3c53f590a321032c3e24a,registered,0
GB-COH-04877889,bb05106fbd7f19dee5bbc02353abca9e,registered,0
GB-COH-02797701,bb05106fbd7f19dee5bbc02353abca9e,registered,0
GB-COH-02571516,6c1cbc6b3eb551d84afa9f525d1107d4,registered,0
GB-COH-08212279,bb05106fbd7f19dee5bbc02353abca9e,registered,0
GB-COH-02644862,bb05106fbd7f19dee5bbc02353abca9e,registered,0
GB-COH-13555386,bb05106fbd7f19dee5bbc02353abca9e,registered,0
GB-COH-07158144,bb05106fbd7f19dee5bbc02353abca9e,registered,0
GB-COH-07158142,bb05106fbd7f19dee5bbc02353abca9e,registered,0
GB-COH-07158140,bb05106fbd7f19dee5bbc02353abca9e,registered,0
GB-COH-01668247,bb05106fbd7f19dee5bbc02353abca9e,registered,0
GB-COH-12095560,bb05106fbd7f19dee5bbc02353abca9e,registered,0
GB-COH-13130144,bb05106fbd7f19dee5bbc02353abca9e,registered,0
GB-COH-07068789,bb05106fbd7f19dee5bbc02353abca9e,registered,0
GB-COH-12332828,7b67ffada033b610d68769f55308f110,registered,0
GB-COH-02147783,bb05106fbd7f19dee5bbc02353abca9e,registered,0
XI-LEI-213800E11LI1SCETU492,60eaa983da4a123c8bd35c89e6649b51,registered,0
XI-LEI-213800E11LI1SCETU492,7548aed72dfa3991778159345532a8f6,business,1
XI-LEI-213800FF7EXWECXGTO26,62032f76007a516461abf9524f28891b,registered,0
XI-LEI-213800FF7EXWECXGTO26,62032f76007a516461abf9524f28891b,business,1
XI-LEI-724500Q21GMC2GYKCQ29,f902768129efff6f9ac87ec0483c50e8,registered,0
XI-LEI-724500Q21GMC2GYKCQ29,f902768129efff6f9ac87ec0483c50e8,business,1
XI-LEI-724500NMPK4BBMMMD571,f902768129efff6f9ac87ec0483c50e8,registered,0
XI-LEI-724500NMPK4BBMMMD571,f902768129efff6f9ac87ec0483c50e8,business,1
XI-LEI-213800UNJSVQFNUYYW03,f06d894e98cd85b689c9142b77b5ac01,registered,0
XI-LEI-213800UNJSVQFNUYYW03,f06d894e98cd85b689c9142b77b5ac01,business,1
XI-LEI-894500EHT892H6TZZN33,39076d721ac8578dda4402e639fbba2b,registered,0
XI-LEI-894500EHT892H6TZZN33,39076d721ac8578dda4402e639fbba2b,business,1
XI-LEI-213800XSK41EPCUHOH45,e548142dfbe3d8a07d7f7e1e0ed5a80e,registered,0
XI-LEI-213800XSK41EPCUHOH45,e548142dfbe3d8a07d7f7e1e0ed5a80e,business,1
XI-LEI-335800RKIDK6O4P2KJ98,df6282ec8c67cbcab2ef05066383be93,registered,0
XI-LEI-335800RKIDK6O4P2KJ98,0deb5031c731795416245827e1f81ba6,business,1
XI-LEI-2549006LMVC63GYH6G12,74013ea91ba658141354792ee6a7b881,registered,0
XI-LEI-2549006LMVC63GYH6G12,74013ea91ba658141354792ee6a7b881,business,1
GB-COH-05975475,c0b0d3802637de8a3b39b28c8a0a57ef,registered,0
GB-COH-12473084,1e3d92cc84a0ea30ce289e86f64ac1e0,registered,0
GB-COH-12473751,1e3d92cc84a0ea30ce289e86f64ac1e0,registered,0
GB-COH-SC057974,973cbc1c03df5ad1ca4c6c43a01b5633,registered,0
GB-COH-SC077750,43004f730feb1f3c6f18c5e4d8b6b907,registered,0
GB-COH-07079191,698e398df8e5f0bcb5dc2e5d5f5dd2ed,registered,0
GB-COH-13148646,ce06e20f41072e18efc019a969c72f46,registered,0
GB-COH-11398848,ce06e20f41072e18efc019a969c72f46,registered,0
GB-COH-03628497,ce06e20f41072e18efc019a969c72f46,registered,0
GB-COH-11485932,6b467521c58161bae60d7e09821f3049,registered,0
GB-COH-07848449,ce06e20f41072e18efc019a969c72f46,registered,0
GB-COH-02748866,ce06e20f41072e18efc019a969c72f46,registered,0
GB-COH-10573435,9bd01bcfa01ea3f89d8972959b3d95d8,registered,0
GB-COH-10573715,9bd01bcfa01ea3f89d8972959b3d95d8,registered,0
GB-COH-04560068,ce06e20f41072e18efc019a969c72f46,registered,0
GB-COH-04487223,9bd01bcfa01ea3f89d8972959b3d95d8,registered,0
GB-COH-06547400,32c6a47d0fe10327dd5161213829ae0e,registered,0
GB-COH-15671911,ad6b0dbff8df23db8ac6252048987498,registered,0
GB-COH-16039527,1e3d92cc84a0ea30ce289e86f64ac1e0,registered,0
GB-COH-ENT-SC057974-PkaueqJ_nffwOKya-uOwFOQr9BQ,3f294a4bcfd1a2055320e4cb1f617b5e,alternative,0
GB-COH-11787488,1e3d92cc84a0ea30ce289e86f64ac1e0,registered,0
GB-COH-11787495,1e3d92cc84a0ea30ce289e86f64ac1e0,registered,0
GB-COH-16130095,1e3d92cc84a0ea30ce289e86f64ac1e0,registered,0
GB-COH-16130094,1e3d92cc84a0ea30ce289e86f64ac1e0,registered,0
GB-COH-14067214,1e3d92cc84a0ea30ce289e86f64ac1e0,registered,0
GB-COH-14067273,1e3d92cc84a0ea30ce289e86f64ac1e0,registered,0
GB-COH-00856444,1e3d92cc84a0ea30ce289e86f64ac1e0,registered,0
GB-COH-12313114,1e3d92cc84a0ea30ce289e86f64ac1e0,registered,0
GB-COH-12473113,1e3d92cc84a0ea30ce289e86f64ac1e0,registered,0
GB-COH-11719194,1e3d92cc84a0ea30ce289e86f64ac1e0,registered,0
GB-COH-06383221,1e3d92cc84a0ea30ce289e86f64ac1e0,registered,0
GB-COH-03847957,1e3d92cc84a0ea30ce289e86f64ac1e0,registered,0
GB-COH-16140733,1e3d92cc84a0ea30ce289e86f64ac1e0,registered,0
GB-COH-01021007,1e3d92cc84a0ea30ce289e86f64ac1e0,registered,0
GB-COH-02160234,1e3d92cc84a0ea30ce289e86f64ac1e0,registered,0
GB-COH-15655085,1e3d92cc84a0ea30ce289e86f64ac1e0,registered,0
GB-COH-00404347,1e3d92cc84a0ea30ce289e86f64ac1e0,registered,0
GB-COH-11796185,1e3d92cc84a0ea30ce289e86f64ac1e0,registered,0
GB-COH-00983913,1e3d92cc84a0ea30ce289e86f64ac1e0,registered,0
GB-COH-01004984,1e3d92cc84a0ea30ce289e86f64ac1e0,registered,0
GB-COH-08723444,9bd01bcfa01ea3f89d8972959b3d95d8,registered,0
GB-COH-08900469,9bd01bcfa01ea3f89d8972959b3d95d8,registered,0
GB-COH-03221603,1e3d92cc84a0ea30ce289e86f64ac1e0,registered,0
GB-COH-08140815,1e3d92cc84a0ea30ce289e86f64ac1e0,registered,0
GB-COH-11188145,50e77e56edb21af002e4ec700a14eb3b,registered,0
GB-COH-12000539,1e3d92cc84a0ea30ce289e86f64ac1e0,registered,0
GB-COH-00895797,1e3d92cc84a0ea30ce289e86f64ac1e0,registered,0
GB-COH-07974274,32c6a47d0fe10327dd5161213829ae0e,registered,0
GB-COH-01009905,1e3d92cc84a0ea30ce289e86f64ac1e0,registered,0
GB-COH-05335923,1e3d92cc84a0ea30ce289e86f64ac1e0,registered,0
GB-COH-15363762,079bd92e5ed7077a998a3c60fb9bb8c4,registered,0
GB-COH-05335927,1e3d92cc84a0ea30ce289e86f64ac1e0,registered,0
GB-COH-00305943,1e3d92cc84a0ea30ce289e86f64ac1e0,registered,0
GB-COH-12105028,9bd01bcfa01ea3f89d8972959b3d95d8,registered,0
GB-COH-00908982,1e3d92cc84a0ea30ce289e86f64ac1e0,registered,0
GB-COH-13461160,1e3d92cc84a0ea30ce289e86f64ac1e0,registered,0
GB-COH-03502262,c933b3fd86cd3ea43850911d788a74da,registered,0
GB-COH-09971526,1e3d92cc84a0ea30ce289e86f64ac1e0,registered,0
GB-COH-11041000,1e3d92cc84a0ea30ce289e86f64ac1e0,registered,0
GB-COH-00284323,1e3d92cc84a0ea30ce289e86f64ac1e0,registered,0
GB-COH-10519279,1e3d92cc84a0ea30ce289e86f64ac1e0,registered,0
GB-COH-04316931,1e3d92cc84a0ea30ce289e86f64ac1e0,registered,0
GB-COH-04446121,1e3d92cc84a0ea30ce289e86f64ac1e0,registered,0
GB-COH-08812651,1e3d92cc84a0ea30ce289e86f64ac1e0,registered,0
GB-COH-10027204,1e3d92cc84a0ea30ce289e86f64ac1e0,registered,0
GB-COH-09978028,1e3d92cc84a0ea30ce289e86f64ac1e0,registered,0
GB-COH-07599899,1e3d92cc84a0ea30ce289e86f64ac1e0,registered,0
GB-COH-07974282,1e3d92cc84a0ea30ce289e86f64ac1e0,registered,0
GB-COH-01937364,ee2f31e7fbe8d3796b4dcdcd91d56073,registered,0
GB-COH-06383184,9bd01bcfa01ea3f89d8972959b3d95d8,registered,0
GB-COH-04833438,32c6a47d0fe10327dd5161213829ae0e,registered,0
GB-COH-09646587,1e3d92cc84a0ea30ce289e86f64ac1e0,registered,0
GB-COH-SC135813,9797a2f1fafee06198ddf6a54bb31eb4,registered,0
GB-COH-00972944,86c99462e07395049e8c432b62c4956a,registered,0
GB-COH-13311592,1e3d92cc84a0ea30ce289e86f64ac1e0,registered,0
GB-COH-ENT-05975475-2mGe9FZ-sRjQU0FY0UQem8qLiI4,b3dda61192a359512e04e98e2fe765fd,alternative,0
GB-COH-04075308,1e3d92cc84a0ea30ce289e86f64ac1e0,registered,0
GB-COH-00615393,b7472b46f6f3182fe7a95a3b667e6fdc,registered,0
GB-COH-07521628,b7472b46f6f3182fe7a95a3b667e6fdc,registered,0
GB-COH-13947643,b7472b46f6f3182fe7a95a3b667e6fdc,registered,0
GB-COH-13923476,b7472b46f6f3182fe7a95a3b667e6fdc,registered,0
GB-COH-07079220,698e398df8e5f0bcb5dc2e5d5f5dd2ed,registered,0
GB-COH-05971273,32c6a47d0fe10327dd5161213829ae0e,registered,0
XI-LEI-549300FJOXFUONBUSB24,11760401432b8b50a403c2c46687e711,registered,0
XI-LEI-549300FJOXFUONBUSB24,20a5436cd251c2cae55aa689c3c37868,business,1
XI-LEI-549300GL1JKOPE05D156,ba42db3473039d83beb2e106b9a30060,registered,0
XI-LEI-549300GL1JKOPE05D156,ba42db3473039d83beb2e106b9a30060,business,1
XI-LEI-254900E2H6UPESEYHK67,6d53e2e84a628b471d5cb74bc1b429aa,registered,0
XI-LEI-254900E2H6UPESEYHK67,ffdc66896966fa0cf909310975fa0ebd,business,1
XI-LEI-549300O4I4C09FVKBE77,43004f730feb1f3c6f18c5e4d8b6b907,registered,0
XI-LEI-549300O4I4C09FVKBE77,43004f730feb1f3c6f18c5e4d8b6b907,business,1
XI-LEI-549300S6ZINNW7Y1NP62,802309636b74509d97213539cbe6ec1c,registered,0
XI-LEI-549300S6ZINNW7Y1NP62,802309636b74509d97213539cbe6ec1c,business,1
XI-LEI-549300KT0ZQUIBAX8U21,93d291dd200718e326abb9f4214bb086,registered,0
XI-LEI-549300KT0ZQUIBAX8U21,f7c8e6f87a57f1a0eaab11d76aafe1e2,business,1
XI-LEI-335800DTEWI5HM8G1295,5933ba087bf5357299242bc7dc4eb5af,registered,0
XI-LEI-335800DTEWI5HM8G1295,5933ba087bf5357299242bc7dc4eb5af,business,1
XI-LEI-549300GFYQ2Z4MV18T39,811795015f31e6e0ad5be0ee864f43e7,registered,0
XI-LEI-549300GFYQ2Z4MV18T39,811795015f31e6e0ad5be0ee864f43e7,business,1
XI-LEI-335800KCNMKXQFPJ5Q28,bd24e49a001e2a9bb89460f78652970a,registered,0
XI-LEI-335800KCNMKXQFPJ5Q28,bd24e49a001e2a9bb89460f78652970a,business,1
XI-LEI-6HF6UF5XUDTS104QCS33,90ecf27f973cad2c079ae91ee7770dd1,registered,0
XI-LEI-6HF6UF5XUDTS104QCS33,90ecf27f973cad2c079ae91ee7770dd1,business,1
XI-LEI-5493008CHX3FW76KG908,7170f153811074bc291b3d590860343d,registered,0
XI-LEI-5493008CHX3FW76KG908,7170f153811074bc291b3d590860343d,business,1
XI-LEI-549300AGC7BAI04R6015,11760401432b8b50a403c2c46687e711,registered,0
XI-LEI-549300AGC7BAI04R6015,7d012dc9884a02d21730e10e623994c7,business,1
XI-LEI-549300UMEO4KHSEGTG58,c08937954ad90f39e6cb2fdda361d2e1,registered,0
XI-LEI-549300UMEO4KHSEGTG58,2d249ec340b0951fc9b6e94868f8e444,business,1
XI-LEI-549300P807JHWY1X1063,0997d2e29b40ba01e3d1c154b6afe74f,registered,0
XI-LEI-549300P807JHWY1X1063,0997d2e29b40ba01e3d1c154b6afe74f,business,1
XI-LEI-549300KWC0CKSSHUZ327,ae47f429a8056c5c911804a956693e56,registered,0
XI-LEI-549300KWC0CKSSHUZ327,ae47f429a8056c5c911804a956693e56,business,1
XI-LEI-549300LCKI6BWPCJGX28,981faedbd1ea3ef95ae5cb8f77b14313,registered,0
XI-LEI-549300LCKI6BWPCJGX28,981faedbd1ea3ef95ae5cb8f77b14313,business,1
XI-LEI-549300LH9YXVHGYN6V32,8c27efb00e7779c7cba9506aca55e647,registered,0
XI-LEI-549300LH9YXVHGYN6V32,c91476b41745e2bd064b25a8c8c27b0a,business,1
XI-LEI-549300MOF13GKBNRVV53,2fdeca25f47b2ee681702d01d5a0f82c,registered,0
XI-LEI-549300MOF13GKBNRVV53,2fdeca25f47b2ee681702d01d5a0f82c,business,1
XI-LEI-549300NCTSINOQUCE407,18b14d78f3784350b9066d585ee309cf,registered,0
XI-LEI-549300NCTSINOQUCE407,da95bc81630cbcd31644e542ce0144f5,business,1
XI-LEI-549300X4LGFEE4L28815,1de179d61afcdfdc773f9469a8cc3b32,registered,0
XI-LEI-549300X4LGFEE4L28815,1de179d61afcdfdc773f9469a8cc3b32,business,1
XI-LEI-549300XDLZSTRWVYDS48,98d969189736248b61dd3d6121054f52,registered,0
XI-LEI-549300XDLZSTRWVYDS48,aff1ea7e9f2eedb7670edfa58b217dc4,business,1
XI-LEI-549300XJERYFRMOP7O39,701de2c584197310451df94801867998,registered,0
XI-LEI-549300XJERYFRMOP7O39,701de2c584197310451df94801867998,business,1
XI-LEI-549300YF2JG5OMW7UO84,e5b73cd39aa9b0f8df43ecf56434c2db,registered,0
XI-LEI-549300YF2JG5OMW7UO84,e5b73cd39aa9b0f8df43ecf56434c2db,business,1
XI-LEI-549300YG7WG1HR9KGW98,8c27efb00e7779c7cba9506aca55e647,registered,0
XI-LEI-549300YG7WG1HR9KGW98,8c27efb00e7779c7cba9506aca55e647,business,1
XI-LEI-549300YYMNSW7KWZH127,74e274d06708fac677e0795fdabfe25e,registered,0
XI-LEI-549300YYMNSW7KWZH127,193123e9dac61c1ac001cfe3d12beb13,business,1
XI-LEI-549300ZDBUCTRBOPM023,3567c128c05206aa752c8abb66e254e1,registered,0
XI-LEI-549300ZDBUCTRBOPM023,3567c128c05206aa752c8abb66e254e1,business,1
XI-LEI-549300ZNXYELB31FP503,c63bf8b46d4e673b7ba149143fcd1c7b,registered,0
XI-LEI-549300ZNXYELB31FP503,c63bf8b46d4e673b7ba149143fcd1c7b,business,1
XI-LEI-549300ZPID4GQRDWI318,81866a36c3adf7d87213921c5aadd60b,registered,0
XI-LEI-549300ZPID4GQRDWI318,81866a36c3adf7d87213921c5aadd60b,business,1
XI-LEI-25490009TXBCEMN3UI89,64e9abeedda8a753c79520d50eda595a,registered,0
XI-LEI-25490009TXBCEMN3UI89,64e9abeedda8a753c79520d50eda595a,business,1
XI-LEI-54930066OLMECXUIIT95,54103ec1e1a18a09876779418560b028,registered,0
XI-LEI-54930066OLMECXUIIT95,54103ec1e1a18a09876779418560b028,business,1
XI-LEI-5493006US8Z88WK9IL47,11760401432b8b50a403c2c46687e711,registered,0
XI-LEI-5493006US8Z88WK9IL47,1acc7cf708e928ae478f3a99c937fd8c,business,1
XI-LEI-5493008GLWHKEO68CL13,3567c128c05206aa752c8abb66e254e1,registered,0
XI-LEI-5493008GLWHKEO68CL13,3567c128c05206aa752c8abb66e254e1,business,1
XI-LEI-5493008ZYIONF7JPJL24,00cd0ef13e4db22da20435c16ff0440a,registered,0
XI-LEI-5493008ZYIONF7JPJL24,81bf8938fcc3c2752625f850dfea5adb,business,1
XI-LEI-254900SRY9AX0V405Q73,7d74a50fd57e5d19115d93f29aa43724,registered,0
XI-LEI-254900SRY9AX0V405Q73,cd5fbb7a442edb46de483dfe65d623eb,business,1
XI-LEI-549300HJ840SLKBDOS06,21a599d969fbb9e5b67207fc91e4bcb5,registered,0
XI-LEI-549300HJ840SLKBDOS06,5f14b010f91c57b5b21a6a148a3c4fb3,business,1
XI-LEI-254900P4JT9YH6JH0I36,7d74a50fd57e5d19115d93f29aa43724,registered,0
XI-LEI-254900P4JT9YH6JH0I36,17fd8869dba067602e916eb077310a06,business,1
XI-LEI-5493000BRX9RNZNUOV28,e2856ae927ec51e9bca950b27b582586,registered,0
XI-LEI-5493000BRX9RNZNUOV28,e2856ae927ec51e9bca950b27b582586,business,1
XI-LEI-549300MZ0FTF0W5N3I14,102060f3a1aa7fd3d117681b11cab8c5,registered,0
XI-LEI-549300MZ0FTF0W5N3I14,d677779321ce317233a3b7bc618c4b4b,business,1
XI-LEI-549300IW34FEHHXMF980,ba42db3473039d83beb2e106b9a30060,registered,0
XI-LEI-549300IW34FEHHXMF980,ba42db3473039d83beb2e106b9a30060,business,1
XI-LEI-549300MG5Q5VOTHPK831,11760401432b8b50a403c2c46687e711,registered,0
XI-LEI-549300MG5Q5VOTHPK831,fd0e6895c2b36ff8b7ccd53e9d041094,business,1
XI-LEI-54930021X63HYEU9MP82,c88643efeefc7355f601c56af2f9f5ed,registered,0
XI-LEI-54930021X63HYEU9MP82,391315c66d5d2dc6d16edd3b284c0e54,business,1
XI-LEI-549300H667FIK5PZPV54,ab90d84163257648863384b355e22005,registered,0
XI-LEI-549300H667FIK5PZPV54,ae47f429a8056c5c911804a956693e56,business,1
XI-LEI-549300I2A60VQH7OB113,102060f3a1aa7fd3d117681b11cab8c5,registered,0
XI-LEI-549300I2A60VQH7OB113,391315c66d5d2dc6d16edd3b284c0e54,business,1
XI-LEI-25490089CK3WJ7YXI372,7d74a50fd57e5d19115d93f29aa43724,registered,0
XI-LEI-25490089CK3WJ7YXI372,cd5fbb7a442edb46de483dfe65d623eb,business,1
XI-LEI-549300KRU5NMN907SV73,18b14d78f3784350b9066d585ee309cf,registered,0
XI-LEI-549300KRU5NMN907SV73,18b14d78f3784350b9066d585ee309cf,business,1
XI-LEI-5493009NTB34VXE1T760,11760401432b8b50a403c2c46687e711,registered,0
XI-LEI-5493009NTB34VXE1T760,20a5436cd251c2cae55aa689c3c37868,business,1
XI-LEI-213800LH1BZH3DI6G760,b557a680fdb9f267bf0f71b7d642586e,registered,0
XI-LEI-213800LH1BZH3DI6G760,b557a680fdb9f267bf0f71b7d642586e,business,1
XI-LEI-5493003MXD0BNIYC0G95,701de2c584197310451df94801867998,registered,0
XI-LEI-5493003MXD0BNIYC0G95,701de2c584197310451df94801867998,business,1
XI-LEI-5493004W2NT861NJ6M56,7789c246374b8a75ec375980d487ec91,registered,0
XI-LEI-5493004W2NT861NJ6M56,7789c246374b8a75ec375980d487ec91,business,1
XI-LEI-549300XGTG5OWOTI9S89,93d291dd200718e326abb9f4214bb086,registered,0
XI-LEI-549300XGTG5OWOTI9S89,f7c8e6f87a57f1a0eaab11d76aafe1e2,business,1
XI-LEI-549300GMUCJ08527GQ81,97233a9b2294707727c9bcb623d46a30,registered,0
XI-LEI-549300GMUCJ08527GQ81,391315c66d5d2dc6d16edd3b284c0e54,business,1
XI-LEI-549300GSGBIF7NMOUH71,18b14d78f3784350b9066d585ee309cf,registered,0
XI-LEI-549300GSGBIF7NMOUH71,18b14d78f3784350b9066d585ee309cf,business,1
XI-LEI-549300IZ83QL6OSB2R21,701de2c584197310451df94801867998,registered,0
XI-LEI-549300IZ83QL6OSB2R21,1eec9a98e79994f98ef2cb1101612c89,business,1
XI-LEI-549300JCMJLJPHUIZ827,664791bd2a4ef9b862d11af139ba79d8,registered,0
XI-LEI-549300JCMJLJPHUIZ827,23d9f037b90c5d61e37824e260bfc902,business,1
XI-LEI-549300IRCCFFAE30FT55,699f58736fa9118c7793e35ca12e4e31,registered,0
XI-LEI-549300IRCCFFAE30FT55,699f58736fa9118c7793e35ca12e4e31,business,1
XI-LEI-5493002S2FI7YB0RL442,11760401432b8b50a403c2c46687e711,registered,0
XI-LEI-5493002S2FI7YB0RL442,f2d991f136a1c5954a868e9ecbe5e548,business,1
XI-LEI-549300ELU6WABMM0EL36,c068ad6b0daee784dcb1d5d96f262e34,registered,0
XI-LEI-549300ELU6WABMM0EL36,c068ad6b0daee784dcb1d5d96f262e34,business,1
XI-LEI-549300RU6UYW1UMYOP92,19a46bb7bda8d7b92f1648c9259d0892,registered,0
XI-LEI-549300RU6UYW1UMYOP92,19a46bb7bda8d7b92f1648c9259d0892,business,1
XI-LEI-549300ZBE567NNMH7V89,11760401432b8b50a403c2c46687e711,registered,0
XI-LEI-549300ZBE567NNMH7V89,1acc7cf708e928ae478f3a99c937fd8c,business,1
XI-LEI-549300LN3X0K77Z2SO79,21a599d969fbb9e5b67207fc91e4bcb5,registered,0
XI-LEI-549300LN3X0K77Z2SO79,48a32254d3caa04276e5bad21b7f301c,business,1
XI-LEI-5493000JNUNFTCW6WF85,90ecf27f973cad2c079ae91ee7770dd1,registered,0
XI-LEI-5493000JNUNFTCW6WF85,90ecf27f973cad2c079ae91ee7770dd1,business,1
XI-LEI-549300B8RMOTK5QZWT61,11760401432b8b50a403c2c46687e711,registered,0
XI-LEI-549300B8RMOTK5QZWT61,618301cabbc185b370ae502be7bd0468,business,1
XI-LEI-549300DTMH2NWOI8O090,4e31165770a3625700543c5e78eb1eb7,registered,0
XI-LEI-549300DTMH2NWOI8O090,4e31165770a3625700543c5e78eb1eb7,business,1
XI-LEI-5493005ONGPJXD71UU22,11760401432b8b50a403c2c46687e711,registered,0
XI-LEI-5493005ONGPJXD71UU22,7d012dc9884a02d21730e10e623994c7,business,1
XI-LEI-5493000FX3G8YEXMXM78,3567c128c05206aa752c8abb66e254e1,registered,0
XI-LEI-5493000FX3G8YEXMXM78,3567c128c05206aa752c8abb66e254e1,business,1
XI-LEI-254900JJ39DUX0CTFU84,c0ee258e8792e5d1089ee0779e93590a,registered,0
XI-LEI-254900JJ39DUX0CTFU84,c0ee258e8792e5d1089ee0779e93590a,business,1
XI-LEI-549300BHBLZT38LP0T75,43004f730feb1f3c6f18c5e4d8b6b907,registered,0
XI-LEI-549300BHBLZT38LP0T75,43004f730feb1f3c6f18c5e4d8b6b907,business,1
XI-LEI-549300CBTY31RKLLW578,781a261af07a3a22cd07a80b664e8175,registered,0
XI-LEI-549300CBTY31RKLLW578,781a261af07a3a22cd07a80b664e8175,business,1
XI-LEI-549300CC4BI5U2VDJV83,d3e2931b9987e22c1d783a0d87c047d7,registered,0
XI-LEI-549300CC4BI5U2VDJV83,3567c128c05206aa752c8abb66e254e1,business,1
XI-LEI-549300CMZNMGCZJWCG08,c63bf8b46d4e673b7ba149143fcd1c7b,registered,0
XI-LEI-549300CMZNMGCZJWCG08,c63bf8b46d4e673b7ba149143fcd1c7b,business,1
XI-LEI-549300CRVT18MXX0AG93,8c27efb00e7779c7cba9506aca55e647,registered,0
XI-LEI-549300CRVT18MXX0AG93,8c27efb00e7779c7cba9506aca55e647,business,1
XI-LEI-549300CW7XPU9N2S3034,3567c128c05206aa752c8abb66e254e1,registered,0
XI-LEI-549300CW7XPU9N2S3034,3567c128c05206aa752c8abb66e254e1,business,1
XI-LEI-549300E0XYHGX3YQ0M28,8c27efb00e7779c7cba9506aca55e647,registered,0
XI-LEI-549300E0XYHGX3YQ0M28,8c27efb00e7779c7cba9506aca55e647,business,1
XI-LEI-549300EIY4CEHS3VR850,11760401432b8b50a403c2c46687e711,registered,0
XI-LEI-549300EIY4CEHS3VR850,7d012dc9884a02d21730e10e623994c7,business,1
XI-LEI-549300FCC78N6YBKPP79,e9f60bc58e842a154af7c1dfed9c63c8,registered,0
XI-LEI-549300FCC78N6YBKPP79,e9f60bc58e842a154af7c1dfed9c63c8,business,1
XI-LEI-549300SIG9E2EYEYJD24,6bf5dfca0f654fbe34f9718e590bd262,registered,0
XI-LEI-549300SIG9E2EYEYJD24,6bf5dfca0f654fbe34f9718e590bd262,business,1
XI-LEI-549300TDJC5X1HQFVS97,3503998fdccddecc29d2c0ccd07672ca,registered,0
XI-LEI-549300TDJC5X1HQFVS97,3503998fdccddecc29d2c0ccd07672ca,business,1
XI-LEI-549300U1FMIS4ZCKGM81,f515bc9e0d15bebaa9434eaedad506a1,registered,0
XI-LEI-549300U1FMIS4ZCKGM81,f515bc9e0d15bebaa9434eaedad506a1,business,1
XI-LEI-549300VA66S81U2FG151,ae47f429a8056c5c911804a956693e56,registered,0
XI-LEI-549300VA66S81U2FG151,ae47f429a8056c5c911804a956693e56,business,1
XI-LEI-549300WG1KHXYZK4FN31,8c27efb00e7779c7cba9506aca55e647,registered,0
XI-LEI-549300WG1KHXYZK4FN31,8c27efb00e7779c7cba9506aca55e647,business,1
XI-LEI-G1KG0OQD10NOMCMLDZ35,3567c128c05206aa752c8abb66e254e1,registered,0
XI-LEI-G1KG0OQD10NOMCMLDZ35,3567c128c05206aa752c8abb66e254e1,business,1
XI-LEI-254900BCHAHIH6LIMH46,5f3d36e5606a625f84c304764e67923a,registered,0
XI-LEI-254900BCHAHIH6LIMH46,391315c66d5d2dc6d16edd3b284c0e54,business,1
XI-LEI-254900HJ9HXOBA1QQV90,f1f7d5d2b24f3aaa5933f73e92af8e04,registered,0
XI-LEI-254900HJ9HXOBA1QQV90,a001bc82908ad12aaf1d4916460c6a52,business,1
XI-LEI-254900ZNKJZYGD4G1S03,0884dc06645c2294fa9ab6dc087635ba,registered,0
XI-LEI-254900ZNKJZYGD4G1S03,4e63997011a8d50c742ef0a8ed401245,business,1
XI-LEI-7245003VD7E4T30HJD24,e9b51eb687677569ff538345f4046787,registered,0
XI-LEI-7245003VD7E4T30HJD24,e9b51eb687677569ff538345f4046787,business,1
GB-COH-02316280,42ba2c5a644545ffa49f66eae8f719d5,registered,0
GB-COH-03947697,42ba2c5a644545ffa49f66eae8f719d5,registered,0
GB-COH-12777775,42ba2c5a644545ffa49f66eae8f719d5,registered,0
GB-COH-00304682,42ba2c5a644545ffa49f66eae8f719d5,registered,0
GB-COH-06226615,e6860df6578f32eb10e5e896c1af6b5f,registered,0
GB-COH-00510676,42ba2c5a644545ffa49f66eae8f719d5,registered,0
GB-COH-ENT-SC725848-5-Ni8RgTCbHH8djGp8mfsYQj_SI,f51a9691131c03ee4c9196794675a2a8,alternative,0
GB-COH-04622959,1e3d92cc84a0ea30ce289e86f64ac1e0,registered,0
GB-COH-14708857,1e3d92cc84a0ea30ce289e86f64ac1e0,registered,0
GB-COH-12733601,1e3d92cc84a0ea30ce289e86f64ac1e0,registered,0
GB-COH-06720009,23cb844daaeb34ffc4e759afac30954d,registered,0
GB-COH-00553535,a250f9da3b23f5f11d85f7c18d8af521,registered,0
GB-COH-09023011,de772f6112fe3a83f2273b6b804e8456,registered,0
GB-COH-10087465,d59e6137edc318fad7e9740aa443ed1c,registered,0
GB-COH-04342803,1e3d92cc84a0ea30ce289e86f64ac1e0,registered,0
GB-COH-00759094,1e3d92cc84a0ea30ce289e86f64ac1e0,registered,0
GB-COH-02063581,8064badcd93803f27f3ed321dcdc5b23,registered,0
GB-COH-01744961,7fc7a32c9304e62051fce93a0e46bfb3,registered,0
GB-COH-16116079,1e3d92cc84a0ea30ce289e86f64ac1e0,registered,0
GB-COH-00260320,30a1a78efd3054d1be2c7c3d40bdafb3,registered,0
GB-COH-00140141,30a1a78efd3054d1be2c7c3d40bdafb3,registered,0
GB-COH-00746708,cde2bcb378d7a4de323edd1de0eb518b,registered,0
GB-COH-13497263,1e3d92cc84a0ea30ce289e86f64ac1e0,registered,0
GB-COH-13497271,1e3d92cc84a0ea30ce289e86f64ac1e0,registered,0
GB-COH-01150609,1e3d92cc84a0ea30ce289e86f64ac1e0,registered,0
GB-COH-01378710,1e3d92cc84a0ea30ce289e86f64ac1e0,registered,0
GB-COH-10867225,1e3d92cc84a0ea30ce289e86f64ac1e0,registered,0
GB-COH-SC123106,43004f730feb1f3c6f18c5e4d8b6b907,registered,0
GB-COH-00871912,1e3d92cc84a0ea30ce289e86f64ac1e0,registered,0
GB-COH-01228157,cde2bcb378d7a4de323edd1de0eb518b,registered,0
GB-COH-02544586,7a8fac861cc69e708aa89b3c7136c613,registered,0
GB-COH-04622996,1e3d92cc84a0ea30ce289e86f64ac1e0,registered,0
GB-COH-SC387672,622c2ab01db3b7b507f1544b0a2974b3,registered,0
GB-COH-SC005098,43004f730feb1f3c6f18c5e4d8b6b907,registered,0
GB-COH-12825643,1e3d92cc84a0ea30ce289e86f64ac1e0,registered,0
GB-COH-00149435,f9063598d95022471c05262f170bcf87,registered,0
GB-COH-00432981,1e3d92cc84a0ea30ce289e86f64ac1e0,registered,0
GB-COH-00234106,30a1a78efd3054d1be2c7c3d40bdafb3,registered,0
GB-COH-00654667,30a1a78efd3054d1be2c7c3d40bdafb3,registered,0
GB-COH-00273831,1e3d92cc84a0ea30ce289e86f64ac1e0,registered,0
GB-COH-03189276,1d8fe1cf64a675b9e4e2a33a75e8ae4d,registered,0
GB-COH-13789822,1e3d92cc84a0ea30ce289e86f64ac1e0,registered,0
GB-COH-10129878,bd48457893a293cc5e9da8b91bbe3209,registered,0
GB-COH-13497268,1e3d92cc84a0ea30ce289e86f64ac1e0,registered,0
GB-COH-13497266,1e3d92cc84a0ea30ce289e86f64ac1e0,registered,0
GB-COH-01454944,1e3d92cc84a0ea30ce289e86f64ac1e0,registered,0
GB-COH-01918796,cde2bcb378d7a4de323edd1de0eb518b,registered,0
GB-COH-15604635,a4671658b0f94ad9433e41b8f24de9ea,registered,0
GB-COH-09494479,a4671658b0f94ad9433e41b8f24de9ea,registered,0
GB-COH-00735658,1e3d92cc84a0ea30ce289e86f64ac1e0,registered,0
GB-COH-01150608,1e3d92cc84a0ea30ce289e86f64ac1e0,registered,0
GB-COH-00554057,1e3d92cc84a0ea30ce289e86f64ac1e0,registered,0
GB-COH-00593645,9bd01bcfa01ea3f89d8972959b3d95d8,registered,0
GB-COH-SC725848,2cbe2fb04816ee6699b4adca4580434f,registered,0
GB-COH-11352422,c0d6de6678be38e7c0d1a11bfcf81053,registered,0
GB-COH-01030652,1e3d92cc84a0ea30ce289e86f64ac1e0,registered,0
GB-COH-05998019,1e3d92cc84a0ea30ce289e86f64ac1e0,registered,0
GB-COH-08842913,1e3d92cc84a0ea30ce289e86f64ac1e0,registered,0
GB-COH-01094398,1e3d92cc84a0ea30ce289e86f64ac1e0,registered,0
GB-COH-08298838,1e3d92cc84a0ea30ce289e86f64ac1e0,registered,0
GB-COH-00455852,1e3d92cc84a0ea30ce289e86f64ac1e0,registered,0
GB-COH-07540266,1e3d92cc84a0ea30ce289e86f64ac1e0,registered,0
GB-COH-15860354,1e3d92cc84a0ea30ce289e86f64ac1e0,registered,0
GB-COH-01290444,1e3d92cc84a0ea30ce289e86f64ac1e0,registered,0
GB-COH-00651878,1e3d92cc84a0ea30ce289e86f64ac1e0,registered,0
GB-COH-00194971,1e3d92cc84a0ea30ce289e86f64ac1e0,registered,0
GB-COH-00517403,1e3d92cc84a0ea30ce289e86f64ac1e0,registered,0
GB-COH-04116177,1e3d92cc84a0ea30ce289e86f64ac1e0,registered,0
GB-COH-02239062,1e3d92cc84a0ea30ce289e86f64ac1e0,registered,0
GB-COH-SC107896,43004f730feb1f3c6f18c5e4d8b6b907,registered,0
GB-COH-14846392,1e3d92cc84a0ea30ce289e86f64ac1e0,registered,0
GB-COH-SC000792,43004f730feb1f3c6f18c5e4d8b6b907,registered,0
GB-COH-05319369,32c6a47d0fe10327dd5161213829ae0e,registered,0
GB-COH-00211858,1e3d92cc84a0ea30ce289e86f64ac1e0,registered,0
GB-COH-04145621,1e3d92cc84a0ea30ce289e86f64ac1e0,registered,0
GB-COH-14829647,34c2e21070ce1969baab75433436bf6a,registered,0
GB-COH-12169614,1e3d92cc84a0ea30ce289e86f64ac1e0,registered,0
GB-COH-00263889,1e3d92cc84a0ea30ce289e86f64ac1e0,registered,0
GB-COH-13464292,1e3d92cc84a0ea30ce289e86f64ac1e0,registered,0
GB-COH-00176671,1e3d92cc84a0ea30ce289e86f64ac1e0,registered,0
GB-COH-08274009,ff2a413e4bad6d8f0c3551b59d33155c,registered,0
GB-COH-06034588,1e3d92cc84a0ea30ce289e86f64ac1e0,registered,0
GB-COH-15319995,34c2e21070ce1969baab75433436bf6a,registered,0
GB-COH-13448827,1e3d92cc84a0ea30ce289e86f64ac1e0,registered,0
GB-COH-00542515,110b4f0169e9d15f7aa363a4c9bd2fa4,registered,0
GB-COH-00321630,1e3d92cc84a0ea30ce289e86f64ac1e0,registered,0
GB-COH-05639411,1e3d92cc84a0ea30ce289e86f64ac1e0,registered,0
GB-COH-14860361,1e3d92cc84a0ea30ce289e86f64ac1e0,registered,0
GB-COH-14860118,1e3d92cc84a0ea30ce289e86f64ac1e0,registered,0
GB-COH-15635784,1e3d92cc84a0ea30ce289e86f64ac1e0,registered,0
GB-COH-14860102,1e3d92cc84a0ea30ce289e86f64ac1e0,registered,0
GB-COH-13698426,1e3d92cc84a0ea30ce289e86f64ac1e0,registered,0
GB-COH-01214291,1e3d92cc84a0ea30ce289e86f64ac1e0,registered,0
GB-COH-00591214,1e3d92cc84a0ea30ce289e86f64ac1e0,registered,0
GB-COH-00240425,1e3d92cc84a0ea30ce289e86f64ac1e0,registered,0
GB-COH-10202089,1e3d92cc84a0ea30ce289e86f64ac1e0,registered,0
GB-COH-14789320,1e3d92cc84a0ea30ce289e86f64ac1e0,registered,0
GB-COH-00322365,1e3d92cc84a0ea30ce289e86f64ac1e0,registered,0
GB-COH-00146560,32c6a47d0fe10327dd5161213829ae0e,registered,0
GB-COH-04942439,32c6a47d0fe10327dd5161213829ae0e,registered,0
GB-COH-00446915,1e3d92cc84a0ea30ce289e86f64ac1e0,registered,0
GB-COH-01858781,9bd01bcfa01ea3f89d8972959b3d95d8,registered,0
GB-COH-00567280,1e3d92cc84a0ea30ce289e86f64ac1e0,registered,0
GB-COH-00190435,1e3d92cc84a0ea30ce289e86f64ac1e0,registered,0
GB-COH-00102498,fa4aa72dcd9f437f3f32a922d28ae0dd,registered,0
GB-COH-12097961,1e3d92cc84a0ea30ce289e86f64ac1e0,registered,0
GB-COH-00230748,1e3d92cc84a0ea30ce289e86f64ac1e0,registered,0
GB-COH-01337112,1e3d92cc84a0ea30ce289e86f64ac1e0,registered,0
GB-COH-00699446,1e3d92cc84a0ea30ce289e86f64ac1e0,registered,0
GB-COH-12735096,1e3d92cc84a0ea30ce289e86f64ac1e0,registered,0
GB-COH-02565511,1e3d92cc84a0ea30ce289e86f64ac1e0,registered,0
GB-COH-11700098,1e3d92cc84a0ea30ce289e86f64ac1e0,registered,0
GB-COH-00140132,1e3d92cc84a0ea30ce289e86f64ac1e0,registered,0
GB-COH-11719854,1e3d92cc84a0ea30ce289e86f64ac1e0,registered,0
GB-COH-01553681,1e3d92cc84a0ea30ce289e86f64ac1e0,registered,0
GB-COH-14860376,1e3d92cc84a0ea30ce289e86f64ac1e0,registered,0
GB-COH-12536263,32c6a47d0fe10327dd5161213829ae0e,registered,0
GB-COH-12349056,1e3d92cc84a0ea30ce289e86f64ac1e0,registered,0
GB-COH-14846404,1e3d92cc84a0ea30ce289e86f64ac1e0,registered,0
GB-COH-03604330,32c6a47d0fe10327dd5161213829ae0e,registered,0
GB-COH-SL027312,328bd1357f9de2f2ea77023a4c326499,registered,0
GB-COH-07152266,19672bcdb679fe622e078a55d88019fe,registered,0
GB-COH-00026538,ce93ef22a3b632187c89aa3c00194f53,registered,0
GB-COH-SC051614,43004f730feb1f3c6f18c5e4d8b6b907,registered,0
GB-COH-01732696,cde2bcb378d7a4de323edd1de0eb518b,registered,0
GB-COH-00178353,1e3d92cc84a0ea30ce289e86f64ac1e0,registered,0
GB-COH-11428488,8680f5af925ec3fc981ac1466001e384,registered,0
GB-COH-10953957,811160affbcd5966e4c554c745bd04a4,registered,0
GB-COH-00325744,ee2f31e7fbe8d3796b4dcdcd91d56073,registered,0
GB-COH-10542068,0ad5725c79a03ed634dd9a1b9bb16a1e,registered,0
GB-COH-00590743,9bd01bcfa01ea3f89d8972959b3d95d8,registered,0
GB-COH-04951416,ee2f31e7fbe8d3796b4dcdcd91d56073,registered,0
GB-COH-00609762,31cd348bfb932905523d4e841fce4302,registered,0
XI-LEI-391200PKEUF3Y2NUMW25,5a1867cd46f402388eefe7f0ad6f42c5,registered,0
XI-LEI-391200PKEUF3Y2NUMW25,5a1867cd46f402388eefe7f0ad6f42c5,business,1
XI-LEI-253400JT3MQWNDKMJE44,b57b5a53622844368889b356af79f035,registered,0
XI-LEI-253400JT3MQWNDKMJE44,da6aad872c670553df7dec04ae986424,business,1
XI-LEI-25340076BE9D5XUK4H54,8fd159ff94153979770d4aaa5bf0396b,registered,0
XI-LEI-25340076BE9D5XUK4H54,cb8935b2dbf647f874eb705b31306b7b,business,1
XI-LEI-253400EDWTVJSHMJ4D40,081a01f56cdb1b0f613935d4f9866a23,registered,0
XI-LEI-253400EDWTVJSHMJ4D40,eb0f5b10659d85c918ada8308a3c9b34,business,1
XI-LEI-213800AE1BBT5FYQGO52,a7a3ddcca9fa5644db4c17b163b0381a,registered,0
XI-LEI-213800AE1BBT5FYQGO52,a7a3ddcca9fa5644db4c17b163b0381a,business,1
XI-LEI-4OFD47D73QFJ1T1MOF29,05a586f815af6c0c20392a4ac52953a9,registered,0
XI-LEI-4OFD47D73QFJ1T1MOF29,05a586f815af6c0c20392a4ac52953a9,business,1
XI-LEI-549300U2MZ5WWK8T4F93,ac6460bc21f71ba488314bc40fb96466,registered,0
XI-LEI-549300U2MZ5WWK8T4F93,dd64691596a233ab745b80c5333cfc49,business,1
XI-LEI-54930037QVI60C8PTH78,62e10a10eb58fada1f5949d46003a5e7,registered,0
XI-LEI-54930037QVI60C8PTH78,62e10a10eb58fada1f5949d46003a5e7,business,1
XI-LEI-549300RIZJIA5P32N949,62e10a10eb58fada1f5949d46003a5e7,registered,0
XI-LEI-549300RIZJIA5P32N949,62e10a10eb58fada1f5949d46003a5e7,business,1
XI-LEI-549300H04VOZRXNDBI22,f8ceb8f72e461ddaae8345f46607e03b,registered,0
XI-LEI-549300H04VOZRXNDBI22,f8ceb8f72e461ddaae8345f46607e03b,business,1
XI-LEI-549300E13J5YVGT4E586,2aee63177e9ea48cf267fdf67b07ca52,registered,0
XI-LEI-549300E13J5YVGT4E586,2aee63177e9ea48cf267fdf67b07ca52,business,1
GB-COH-11573312,38ab2808a7535b8e6c57cf576d4358c8,registered,0
GB-COH-09788236,588e27162f310cb01b11cb266b3c104d,registered,0
GB-COH-03545857,c4149748a4557133563fc1fdb08cad33,registered,0
GB-COH-04282263,3faeb4022ea84d5b4151b964ba279722,registered,0
GB-COH-03015855,3faeb4022ea84d5b4151b964ba279722,registered,0
GB-COH-10872547,922c9a6305171d99f79515f6f19245ff,registered,0
GB-COH-09120252,2a79696f705618df335cd8e5c3def77f,registered,0
GB-COH-00084121,1670d59f89438e0800b0a4ab7c448f63,registered,0
GB-COH-07111468,6afed04c892f1dd30f0709723fb67336,registered,0
GB-COH-10644366,223ffa0238acbb5cb8f4bbb1adc9eb1c,registered,0
GB-COH-03291550,0eeccf4129c4181e7a3f539578ffcf9d,registered,0
GB-COH-01482455,0eeccf4129c4181e7a3f539578ffcf9d,registered,0
GB-COH-05528329,aba2631d66b7bf538197afc569115706,registered,0
GB-COH-03410466,38ab2808a7535b8e6c57cf576d4358c8,registered,0
GB-COH-02246951,aba2631d66b7bf538197afc569115706,registered,0
GB-COH-04118004,aba2631d66b7bf538197afc569115706,registered,0
GB-COH-03708142,e6dc7922710c992755d39f82553e0e5a,registered,0
GB-COH-05765286,1670d59f89438e0800b0a4ab7c448f63,registered,0
GB-COH-04521116,1670d59f89438e0800b0a4ab7c448f63,registered,0
GB-COH-01163844,feded9cb0cb67d1a89c08ab2a2b5a371,registered,0
GB-COH-12867899,aba2631d66b7bf538197afc569115706,registered,0
GB-COH-04071890,ce7ed3cdb67feee6e26503bd78d503a4,registered,0
GB-COH-05418537,0eeccf4129c4181e7a3f539578ffcf9d,registered,0
GB-COH-03394910,3faeb4022ea84d5b4151b964ba279722,registered,0
GB-COH-05830195,1670d59f89438e0800b0a4ab7c448f63,registered,0
GB-COH-00272225,aba2631d66b7bf538197afc569115706,registered,0
GB-COH-04485808,1670d59f89438e0800b0a4ab7c448f63,registered,0
GB-COH-07440158,d929f6e05038509aa383db829d69eb4e,registered,0
GB-COH-03709742,3faeb4022ea84d5b4151b964ba279722,registered,0
GB-COH-01693108,a78a50f1c224d35e6018c01f8179ec31,registered,0
GB-COH-02251116,aba2631d66b7bf538197afc569115706,registered,0
GB-COH-00184594,aba2631d66b7bf538197afc569115706,registered,0
GB-COH-00640846,b072c9ba8cd06b99375d4b3e635719cf,registered,0
GB-COH-09876101,2c732db0a97c17723ee22eec09607f34,registered,0
GB-COH-14525603,1670d59f89438e0800b0a4ab7c448f63,registered,0
GB-COH-03403993,aba2631d66b7bf538197afc569115706,registered,0
GB-COH-03394992,3faeb4022ea84d5b4151b964ba279722,registered,0
GB-COH-03209327,ef25563e7d6615439469ec69a948547a,registered,0
GB-COH-07918137,3e62cc0df73e043ad200b46dad977027,registered,0
GB-COH-00081701,34bd1f4afa3e1a0a16c30038249c1f4d,registered,0
GB-COH-15065208,90a5021e8f4e2ea7481272176f6251a7,registered,0
GB-COH-06341444,1670d59f89438e0800b0a4ab7c448f63,registered,0
