uid,scheme,id,schemeName,uri
XI-LEI|391200GAL2O80LVLFJ24,XI-LEI,391200GAL2O80LVLFJ24,Global Legal Entity Identifier Index,https://www.gleif.org/en/about-lei/introducing-the-legal-entity-identifier-lei
DE-CR|HRB 136926,DE-CR,HRB 136926,Common Register Portal of the German Federal States (CRP),https://www.handelsregister.de/rp_web/welcome.do
XI-LEI|5493009Y0WGGYKD2X888,XI-LEI,5493009Y0WGGYKD2X888,Global Legal Entity Identifier Index,https://www.gleif.org/en/about-lei/introducing-the-legal-entity-identifier-lei
DK-CVR|73349613,DK-CVR,73349613,Danish Central Business Register,https://datacvr.virk.dk/data/
XI-LEI|2138004C9R5QI9R5YH02,XI-LEI,2138004C9R5QI9R5YH02,Global Legal Entity Identifier Index,https://www.gleif.org/en/about-lei/introducing-the-legal-entity-identifier-lei
GB-COH|08584210,GB-COH,08584210,Companies House,http://www.companieshouse.gov.uk/
XI-LEI|213800XWU7V7WDEQK620,XI-LEI,213800XWU7V7WDEQK620,Global Legal Entity Identifier Index,https://www.gleif.org/en/about-lei/introducing-the-legal-entity-identifier-lei
GB-COH|07306956,GB-COH,07306956,Companies House,http://www.companieshouse.gov.uk/
XI-LEI|549300KY6HKK0GECYX39,XI-LEI,549300KY6HKK0GECYX39,Global Legal Entity Identifier Index,https://www.gleif.org/en/about-lei/introducing-the-legal-entity-identifier-lei
US-SAM|6846889,US-SAM,6846889,"System for Award Management (SAM) Unique Entity ID, USA",https://sam.gov/content/entity-registration
XI-LEI|549300FNQS5QUAPENQ15,XI-LEI,549300FNQS5QUAPENQ15,Global Legal Entity Identifier Index,https://www.gleif.org/en/about-lei/introducing-the-legal-entity-identifier-lei
US-SAM|5858125,US-SAM,5858125,"System for Award Management (SAM) Unique Entity ID, USA",https://sam.gov/content/entity-registration
XI-LEI|549300WRI3IMTMV3P242,XI-LEI,549300WRI3IMTMV3P242,Global Legal Entity Identifier Index,https://www.gleif.org/en/about-lei/introducing-the-legal-entity-identifier-lei
DK-CVR|27446469,DK-CVR,27446469,Danish Central Business Register,https://datacvr.virk.dk/data/
XI-LEI|W9NG6WMZIYEU8VEDOG48,XI-LEI,W9NG6WMZIYEU8VEDOG48,Global Legal Entity Identifier Index,https://www.gleif.org/en/about-lei/introducing-the-legal-entity-identifier-lei
DK-CVR|36213728,DK-CVR,36213728,Danish Central Business Register,https://datacvr.virk.dk/data/
XI-LEI|2138007V5RO48KLMZF61,XI-LEI,2138007V5RO48KLMZF61,Global Legal Entity Identifier Index,https://www.gleif.org/en/about-lei/introducing-the-legal-entity-identifier-lei
GB-COH|07640851,GB-COH,07640851,Companies House,http://www.companieshouse.gov.uk/
XI-LEI|2138002S3XGZ38WN5Q72,XI-LEI,2138002S3XGZ38WN5Q72,Global Legal Entity Identifier Index,https://www.gleif.org/en/about-lei/introducing-the-legal-entity-identifier-lei
GB-COH|07640868,GB-COH,07640868,Companies House,https://www.gov.uk/government/organisations/companies-house
XI-LEI|254900CL1QRNJC42HA89,XI-LEI,254900CL1QRNJC42HA89,Global Legal Entity Identifier Index,https://www.gleif.org/en/about-lei/introducing-the-legal-entity-identifier-lei
XI-LEI|549300HLOJDV9GDG8H69,XI-LEI,549300HLOJDV9GDG8H69,Global Legal Entity Identifier Index,https://www.gleif.org/en/about-lei/introducing-the-legal-entity-identifier-lei
US-SAM|5711816,US-SAM,5711816,"System for Award Management (SAM) Unique Entity ID, USA",https://sam.gov/content/entity-registration
XI-LEI|213800THGIUR8XF8OZ68,XI-LEI,213800THGIUR8XF8OZ68,Global Legal Entity Identifier Index,https://www.gleif.org/en/about-lei/introducing-the-legal-entity-identifier-lei
GB-COH|08902636,GB-COH,08902636,Companies House,http://www.companieshouse.gov.uk/
XI-LEI|5493003I024VW3EM4E21,XI-LEI,5493003I024VW3EM4E21,Global Legal Entity Identifier Index,https://www.gleif.org/en/about-lei/introducing-the-legal-entity-identifier-lei
DK-CVR|31849292,DK-CVR,31849292,Danish Central Business Register,https://datacvr.virk.dk/data/
XI-LEI|549300Q8HMKBGXWJ3Q83,XI-LEI,549300Q8HMKBGXWJ3Q83,Global Legal Entity Identifier Index,https://www.gleif.org/en/about-lei/introducing-the-legal-entity-identifier-lei
DK-CVR|28330766,DK-CVR,28330766,Danish Central Business Register,https://datacvr.virk.dk/data/
XI-LEI|549300TKCR7ADX1M3969,XI-LEI,549300TKCR7ADX1M3969,Global Legal Entity Identifier Index,https://www.gleif.org/en/about-lei/introducing-the-legal-entity-identifier-lei
DK-CVR|27210538,DK-CVR,27210538,Danish Central Business Register,https://datacvr.virk.dk/data/
XI-LEI|2138001I4N44QV4N1858,XI-LEI,2138001I4N44QV4N1858,Global Legal Entity Identifier Index,https://www.gleif.org/en/about-lei/introducing-the-legal-entity-identifier-lei
DK-CVR|18936674,DK-CVR,18936674,Danish Central Business Register,https://datacvr.virk.dk/data/
XI-LEI|213800BXZH7RWO84SI42,XI-LEI,213800BXZH7RWO84SI42,Global Legal Entity Identifier Index,https://www.gleif.org/en/about-lei/introducing-the-legal-entity-identifier-lei
GB-COH|07489052,GB-COH,07489052,Companies House,http://www.companieshouse.gov.uk/
XI-LEI|213800FUUO6AEPNKR357,XI-LEI,213800FUUO6AEPNKR357,Global Legal Entity Identifier Index,https://www.gleif.org/en/about-lei/introducing-the-legal-entity-identifier-lei
GB-COH|07883217,GB-COH,07883217,Companies House,http://www.companieshouse.gov.uk/
XI-LEI|213800LX24J8JOPTTD69,XI-LEI,213800LX24J8JOPTTD69,Global Legal Entity Identifier Index,https://www.gleif.org/en/about-lei/introducing-the-legal-entity-identifier-lei
GB-COH|10722635,GB-COH,10722635,Companies House,http://www.companieshouse.gov.uk/
XI-LEI|549300LOMJ5CLDVY0Q25,XI-LEI,549300LOMJ5CLDVY0Q25,Global Legal Entity Identifier Index,https://www.gleif.org/en/about-lei/introducing-the-legal-entity-identifier-lei
US-SAM|7658083,US-SAM,7658083,"System for Award Management (SAM) Unique Entity ID, USA",https://sam.gov/content/entity-registration
XI-LEI|5493002L8GVKESUG4F17,XI-LEI,5493002L8GVKESUG4F17,Global Legal Entity Identifier Index,https://www.gleif.org/en/about-lei/introducing-the-legal-entity-identifier-lei
DK-CVR|20214414,DK-CVR,20214414,Danish Central Business Register,https://datacvr.virk.dk/data/
XI-LEI|213800FYWZ9EB11MZN49,XI-LEI,213800FYWZ9EB11MZN49,Global Legal Entity Identifier Index,https://www.gleif.org/en/about-lei/introducing-the-legal-entity-identifier-lei
NL-KVK|24396477,NL-KVK,24396477,Chamber of Commerce (Netherlands),https://www.kvk.nl/zoeken/handelsregister/
XI-LEI|549300P6NB0L4DRUES61,XI-LEI,549300P6NB0L4DRUES61,Global Legal Entity Identifier Index,https://www.gleif.org/en/about-lei/introducing-the-legal-entity-identifier-lei
US-SAM|6843217,US-SAM,6843217,"System for Award Management (SAM) Unique Entity ID, USA",https://sam.gov/content/entity-registration
XI-LEI|549300ABXTV7J6G2BT66,XI-LEI,549300ABXTV7J6G2BT66,Global Legal Entity Identifier Index,https://www.gleif.org/en/about-lei/introducing-the-legal-entity-identifier-lei
US-SAM|5733117,US-SAM,5733117,"System for Award Management (SAM) Unique Entity ID, USA",https://sam.gov/content/entity-registration
XI-LEI|549300RQNRIL5TRKCH60,XI-LEI,549300RQNRIL5TRKCH60,Global Legal Entity Identifier Index,https://www.gleif.org/en/about-lei/introducing-the-legal-entity-identifier-lei
US-SAM|5995933,US-SAM,5995933,"System for Award Management (SAM) Unique Entity ID, USA",https://sam.gov/content/entity-registration
XI-LEI|549300VWE9Z19DIFSS06,XI-LEI,549300VWE9Z19DIFSS06,Global Legal Entity Identifier Index,https://www.gleif.org/en/about-lei/introducing-the-legal-entity-identifier-lei
US-SAM|6188681,US-SAM,6188681,"System for Award Management (SAM) Unique Entity ID, USA",https://sam.gov/content/entity-registration
XI-LEI|2138003JK1RS6TXUZB17,XI-LEI,2138003JK1RS6TXUZB17,Global Legal Entity Identifier Index,https://www.gleif.org/en/about-lei/introducing-the-legal-entity-identifier-lei
GB-COH|07883284,GB-COH,07883284,Companies House,http://www.companieshouse.gov.uk/
XI-LEI|2138002D49GG1O189L31,XI-LEI,2138002D49GG1O189L31,Global Legal Entity Identifier Index,https://www.gleif.org/en/about-lei/introducing-the-legal-entity-identifier-lei
US-SAM|1908773,US-SAM,1908773,"System for Award Management (SAM) Unique Entity ID, USA",https://sam.gov/content/entity-registration
XI-LEI|213800SBT2QLGP2Y4974,XI-LEI,213800SBT2QLGP2Y4974,Global Legal Entity Identifier Index,https://www.gleif.org/en/about-lei/introducing-the-legal-entity-identifier-lei
DK-CVR|27446485,DK-CVR,27446485,Danish Central Business Register,https://datacvr.virk.dk/data/
XI-LEI|213800YUOGJWKMJMX615,XI-LEI,213800YUOGJWKMJMX615,Global Legal Entity Identifier Index,https://www.gleif.org/en/about-lei/introducing-the-legal-entity-identifier-lei
GB-COH|10721881,GB-COH,10721881,Companies House,http://www.companieshouse.gov.uk/
XI-LEI|213800Z9Y4GC3RCHQK87,XI-LEI,213800Z9Y4GC3RCHQK87,Global Legal Entity Identifier Index,https://www.gleif.org/en/about-lei/introducing-the-legal-entity-identifier-lei
DK-CVR|31846846,DK-CVR,31846846,Danish Central Business Register,https://datacvr.virk.dk/data/
XI-LEI|549300YSMIW80PKBJP33,XI-LEI,549300YSMIW80PKBJP33,Global Legal Entity Identifier Index,https://www.gleif.org/en/about-lei/introducing-the-legal-entity-identifier-lei
US-SAM|6185890,US-SAM,6185890,"System for Award Management (SAM) Unique Entity ID, USA",https://sam.gov/content/entity-registration
XI-LEI|549300HRMHKQNIYGN596,XI-LEI,549300HRMHKQNIYGN596,Global Legal Entity Identifier Index,https://www.gleif.org/en/about-lei/introducing-the-legal-entity-identifier-lei
US-SAM|5977927,US-SAM,5977927,"System for Award Management (SAM) Unique Entity ID, USA",https://sam.gov/content/entity-registration
XI-LEI|213800JDY3WNXKILP121,XI-LEI,213800JDY3WNXKILP121,Global Legal Entity Identifier Index,https://www.gleif.org/en/about-lei/introducing-the-legal-entity-identifier-lei
GB-COH|05017828,GB-COH,05017828,Companies House,http://www.companieshouse.gov.uk/
XI-LEI|549300H1I4IKVIEET127,XI-LEI,549300H1I4IKVIEET127,Global Legal Entity Identifier Index,https://www.gleif.org/en/about-lei/introducing-the-legal-entity-identifier-lei
US-SAM|7699113,US-SAM,7699113,"System for Award Management (SAM) Unique Entity ID, USA",https://sam.gov/content/entity-registration
XI-LEI|213800MV52QOR3TCID39,XI-LEI,213800MV52QOR3TCID39,Global Legal Entity Identifier Index,https://www.gleif.org/en/about-lei/introducing-the-legal-entity-identifier-lei
GB-COH|07307131,GB-COH,07307131,Companies House,http://www.companieshouse.gov.uk/
XI-LEI|213800NW1M8A9JCNYT42,XI-LEI,213800NW1M8A9JCNYT42,Global Legal Entity Identifier Index,https://www.gleif.org/en/about-lei/introducing-the-legal-entity-identifier-lei
GB-COH|NI618256,GB-COH,NI618256,Companies House,http://www.companieshouse.gov.uk/
XI-LEI|5493003R5R3GH59BZM53,XI-LEI,5493003R5R3GH59BZM53,Global Legal Entity Identifier Index,https://www.gleif.org/en/about-lei/introducing-the-legal-entity-identifier-lei
US-SAM|5715099,US-SAM,5715099,"System for Award Management (SAM) Unique Entity ID, USA",https://sam.gov/content/entity-registration
XI-LEI|549300412T1959YGZP28,XI-LEI,549300412T1959YGZP28,Global Legal Entity Identifier Index,https://www.gleif.org/en/about-lei/introducing-the-legal-entity-identifier-lei
US-SAM|7846943,US-SAM,7846943,"System for Award Management (SAM) Unique Entity ID, USA",https://sam.gov/content/entity-registration
XI-LEI|5493004N8936WVL23W35,XI-LEI,5493004N8936WVL23W35,Global Legal Entity Identifier Index,https://www.gleif.org/en/about-lei/introducing-the-legal-entity-identifier-lei
US-SAM|7056681,US-SAM,7056681,"System for Award Management (SAM) Unique Entity ID, USA",https://sam.gov/content/entity-registration
XI-LEI|549300CFRPJRWHKXNB76,XI-LEI,549300CFRPJRWHKXNB76,Global Legal Entity Identifier Index,https://www.gleif.org/en/about-lei/introducing-the-legal-entity-identifier-lei
US-SAM|7699109,US-SAM,7699109,"System for Award Management (SAM) Unique Entity ID, USA",https://sam.gov/content/entity-registration
XI-LEI|549300GXQWY7TOWC7Y75,XI-LEI,549300GXQWY7TOWC7Y75,Global Legal Entity Identifier Index,https://www.gleif.org/en/about-lei/introducing-the-legal-entity-identifier-lei
US-SAM|6609348,US-SAM,6609348,"System for Award Management (SAM) Unique Entity ID, USA",https://sam.gov/content/entity-registration
XI-LEI|213800VD287CR15QNH11,XI-LEI,213800VD287CR15QNH11,Global Legal Entity Identifier Index,https://www.gleif.org/en/about-lei/introducing-the-legal-entity-identifier-lei
DK-CVR|40138099,DK-CVR,40138099,Danish Central Business Register,https://datacvr.virk.dk/data/
GB-COH|04984787,GB-COH,04984787,Companies House,https://www.gov.uk/government/organisations/companies-house
GB-COH|15920551,GB-COH,15920551,Companies House,https://www.gov.uk/government/organisations/companies-house
GB-COH|00511097,GB-COH,00511097,Companies House,https://www.gov.uk/government/organisations/companies-house
GB-COH|11032246,GB-COH,11032246,Companies House,https://www.gov.uk/government/organisations/companies-house
GB-COH|11032205,GB-COH,11032205,Companies House,https://www.gov.uk/government/organisations/companies-house
GB-COH|11120527,GB-COH,11120527,Companies House,https://www.gov.uk/government/organisations/companies-house
GB-COH|11116433,GB-COH,11116433,Companies House,https://www.gov.uk/government/organisations/companies-house
XI-LEI|2138008KTNTDICZU8L25,XI-LEI,2138008KTNTDICZU8L25,Global Legal Entity Identifier Index,https://www.gleif.org/en/about-lei/introducing-the-legal-entity-identifier-lei
GB-COH|01126618,GB-COH,01126618,Companies House,https://www.gov.uk/government/organisations/companies-house
XI-LEI|549300KBNGV4NYY3GE68,XI-LEI,549300KBNGV4NYY3GE68,Global Legal Entity Identifier Index,https://www.gleif.org/en/about-lei/introducing-the-legal-entity-identifier-lei
XI-LEI|894500MDF6I8J93LO347,XI-LEI,894500MDF6I8J93LO347,Global Legal Entity Identifier Index,https://www.gleif.org/en/about-lei/introducing-the-legal-entity-identifier-lei
FR-RCS|632036752,FR-RCS,632036752,Trade and Companies Register ,http://www.infogreffe.fr
XI-LEI|2763RIUHRUXVYE8VBI52,XI-LEI,2763RIUHRUXVYE8VBI52,Global Legal Entity Identifier Index,https://www.gleif.org/en/about-lei/introducing-the-legal-entity-identifier-lei
XI-LEI|213800IJGJFB3GND1T26,XI-LEI,213800IJGJFB3GND1T26,Global Legal Entity Identifier Index,https://www.gleif.org/en/about-lei/introducing-the-legal-entity-identifier-lei
XI-LEI|2138008RB4WDK7HYYS91,XI-LEI,2138008RB4WDK7HYYS91,Global Legal Entity Identifier Index,https://www.gleif.org/en/about-lei/introducing-the-legal-entity-identifier-lei
GB-COH|10336040,GB-COH,10336040,Companies House,https://www.gov.uk/government/organisations/companies-house
XI-LEI|213800MR49XK2JV4F829,XI-LEI,213800MR49XK2JV4F829,Global Legal Entity Identifier Index,https://www.gleif.org/en/about-lei/introducing-the-legal-entity-identifier-lei
GB-COH|00946107,GB-COH,00946107,Companies House,http://www.companieshouse.gov.uk/
GB-COH|06006643,GB-COH,06006643,Companies House,https://www.gov.uk/government/organisations/companies-house
GB-COH|09142569,GB-COH,09142569,Companies House,https://www.gov.uk/government/organisations/companies-house
GB-COH|03886399,GB-COH,03886399,Companies House,https://www.gov.uk/government/organisations/companies-house
GB-COH|SC338426,GB-COH,SC338426,Companies House,https://www.gov.uk/government/organisations/companies-house
GB-COH|SC219887,GB-COH,SC219887,Companies House,https://www.gov.uk/government/organisations/companies-house
GB-COH|07820781,GB-COH,07820781,Companies House,https://www.gov.uk/government/organisations/companies-house
GB-COH|14177056,GB-COH,14177056,Companies House,https://www.gov.uk/government/organisations/companies-house
GB-COH|05656364,GB-COH,05656364,Companies House,https://www.gov.uk/government/organisations/companies-house
GB-COH|07155949,GB-COH,07155949,Companies House,https://www.gov.uk/government/organisations/companies-house
GB-COH|06799825,GB-COH,06799825,Companies House,https://www.gov.uk/government/organisations/companies-house
GB-COH|04081901,GB-COH,04081901,Companies House,https://www.gov.uk/government/organisations/companies-house
GB-COH|06409675,GB-COH,06409675,Companies House,https://www.gov.uk/government/organisations/companies-house
GB-COH|04602885,GB-COH,04602885,Companies House,https://www.gov.uk/government/organisations/companies-house
GB-COH|14171811,GB-COH,14171811,Companies House,https://www.gov.uk/government/organisations/companies-house
GB-COH|14173716,GB-COH,14173716,Companies House,https://www.gov.uk/government/organisations/companies-house
GB-COH|03158124,GB-COH,03158124,Companies House,https://www.gov.uk/government/organisations/companies-house
GB-COH|02563623,GB-COH,02563623,Companies House,https://www.gov.uk/government/organisations/companies-house
GB-COH|15748728,GB-COH,15748728,Companies House,https://www.gov.uk/government/organisations/companies-house
GB-COH|02393309,GB-COH,02393309,Companies House,https://www.gov.uk/government/organisations/companies-house
GB-COH|07255980,GB-COH,07255980,Companies House,https://www.gov.uk/government/organisations/companies-house
GB-COH|07389613,GB-COH,07389613,Companies House,https://www.gov.uk/government/organisations/companies-house
GB-COH|09926796,GB-COH,09926796,Companies House,https://www.gov.uk/government/organisations/companies-house
GB-COH|02485860,GB-COH,02485860,Companies House,https://www.gov.uk/government/organisations/companies-house
XI-LEI|5586006ZEFQ542K7CY16,XI-LEI,5586006ZEFQ542K7CY16,Global Legal Entity Identifier Index,https://www.gleif.org/en/about-lei/introducing-the-legal-entity-identifier-lei
XI-LEI|78900067TT5DRBFBDN88,XI-LEI,78900067TT5DRBFBDN88,Global Legal Entity Identifier Index,https://www.gleif.org/en/about-lei/introducing-the-legal-entity-identifier-lei
TR-MERSIS|0843037043300016,TR-MERSIS,0843037043300016,MERSIS - Central Trade Registry System,https://mersis.gtb.gov.tr/
XI-LEI|558600EF1LZ82YHRMV66,XI-LEI,558600EF1LZ82YHRMV66,Global Legal Entity Identifier Index,https://www.gleif.org/en/about-lei/introducing-the-legal-entity-identifier-lei
XI-LEI|254900QAYP91G6IT9S19,XI-LEI,254900QAYP91G6IT9S19,Global Legal Entity Identifier Index,https://www.gleif.org/en/about-lei/introducing-the-legal-entity-identifier-lei
XI-LEI|558600JIICYLBWQXML82,XI-LEI,558600JIICYLBWQXML82,Global Legal Entity Identifier Index,https://www.gleif.org/en/about-lei/introducing-the-legal-entity-identifier-lei
XI-LEI|254900WTRWZEZCPDUX78,XI-LEI,254900WTRWZEZCPDUX78,Global Legal Entity Identifier Index,https://www.gleif.org/en/about-lei/introducing-the-legal-entity-identifier-lei
XI-LEI|2549003H0S48GD7PM233,XI-LEI,2549003H0S48GD7PM233,Global Legal Entity Identifier Index,https://www.gleif.org/en/about-lei/introducing-the-legal-entity-identifier-lei
XI-LEI|5586007HYS59B0NF2875,XI-LEI,5586007HYS59B0NF2875,Global Legal Entity Identifier Index,https://www.gleif.org/en/about-lei/introducing-the-legal-entity-identifier-lei
XI-LEI|558600PYVWFWMUJOFH53,XI-LEI,558600PYVWFWMUJOFH53,Global Legal Entity Identifier Index,https://www.gleif.org/en/about-lei/introducing-the-legal-entity-identifier-lei
XI-LEI|558600YVNWCJ1L7RA642,XI-LEI,558600YVNWCJ1L7RA642,Global Legal Entity Identifier Index,https://www.gleif.org/en/about-lei/introducing-the-legal-entity-identifier-lei
XI-LEI|789000DWLOUQNDCW8W61,XI-LEI,789000DWLOUQNDCW8W61,Global Legal Entity Identifier Index,https://www.gleif.org/en/about-lei/introducing-the-legal-entity-identifier-lei
TR-MERSIS|0068006387095226,TR-MERSIS,0068006387095226,MERSIS - Central Trade Registry System,https://mersis.gtb.gov.tr/
XI-LEI|635400BL7XGTQHK8HM19,XI-LEI,635400BL7XGTQHK8HM19,Global Legal Entity Identifier Index,https://www.gleif.org/en/about-lei/introducing-the-legal-entity-identifier-lei
XI-LEI|5493005ECQRC5SLACT53,XI-LEI,5493005ECQRC5SLACT53,Global Legal Entity Identifier Index,https://www.gleif.org/en/about-lei/introducing-the-legal-entity-identifier-lei
US-SAM|6782205,US-SAM,6782205,"System for Award Management (SAM) Unique Entity ID, USA",https://sam.gov/content/entity-registration
XI-LEI|25490082FQJTDUC7Y169,XI-LEI,25490082FQJTDUC7Y169,Global Legal Entity Identifier Index,https://www.gleif.org/en/about-lei/introducing-the-legal-entity-identifier-lei
XI-LEI|213800AG2V6YE68H5N63,XI-LEI,213800AG2V6YE68H5N63,Global Legal Entity Identifier Index,https://www.gleif.org/en/about-lei/introducing-the-legal-entity-identifier-lei
GB-COH|00031014,GB-COH,00031014,Companies House,https://www.gov.uk/government/organisations/companies-house
XI-LEI|558600JW2XPMLG97TV14,XI-LEI,558600JW2XPMLG97TV14,Global Legal Entity Identifier Index,https://www.gleif.org/en/about-lei/introducing-the-legal-entity-identifier-lei
XI-LEI|558600QX2SVCL51BY860,XI-LEI,558600QX2SVCL51BY860,Global Legal Entity Identifier Index,https://www.gleif.org/en/about-lei/introducing-the-legal-entity-identifier-lei
XI-LEI|7N7YKE66OZ27KON72O26,XI-LEI,7N7YKE66OZ27KON72O26,Global Legal Entity Identifier Index,https://www.gleif.org/en/about-lei/introducing-the-legal-entity-identifier-lei
GB-COH|01223938,GB-COH,01223938,Companies House,http://www.companieshouse.gov.uk/
GB-COH|12419163,GB-COH,12419163,Companies House,https://www.gov.uk/government/organisations/companies-house
GB-COH|03281264,GB-COH,03281264,Companies House,https://www.gov.uk/government/organisations/companies-house
GB-COH|03305197,GB-COH,03305197,Companies House,https://www.gov.uk/government/organisations/companies-house
GB-COH|03299418,GB-COH,03299418,Companies House,https://www.gov.uk/government/organisations/companies-house
GB-COH|03305223,GB-COH,03305223,Companies House,https://www.gov.uk/government/organisations/companies-house
GB-COH|03305117,GB-COH,03305117,Companies House,https://www.gov.uk/government/organisations/companies-house
GB-COH|05982811,GB-COH,05982811,Companies House,https://www.gov.uk/government/organisations/companies-house
GB-COH|05981582,GB-COH,05981582,Companies House,https://www.gov.uk/government/organisations/companies-house
GB-COH|14525696,GB-COH,14525696,Companies House,https://www.gov.uk/government/organisations/companies-house
GB-COH|03304752,GB-COH,03304752,Companies House,https://www.gov.uk/government/organisations/companies-house
GB-COH|03305238,GB-COH,03305238,Companies House,https://www.gov.uk/government/organisations/companies-house
GB-COH|02529667,GB-COH,02529667,Companies House,https://www.gov.uk/government/organisations/companies-house
GB-COH|03305181,GB-COH,03305181,Companies House,https://www.gov.uk/government/organisations/companies-house
GB-COH|03305201,GB-COH,03305201,Companies House,https://www.gov.uk/government/organisations/companies-house
GB-COH|03305173,GB-COH,03305173,Companies House,https://www.gov.uk/government/organisations/companies-house
GB-COH|03281103,GB-COH,03281103,Companies House,https://www.gov.uk/government/organisations/companies-house
GB-COH|03281010,GB-COH,03281010,Companies House,https://www.gov.uk/government/organisations/companies-house
GB-COH|03305112,GB-COH,03305112,Companies House,https://www.gov.uk/government/organisations/companies-house
GB-COH|03305231,GB-COH,03305231,Companies House,https://www.gov.uk/government/organisations/companies-house
GB-COH|11205113,GB-COH,11205113,Companies House,https://www.gov.uk/government/organisations/companies-house
GB-COH|12415316,GB-COH,12415316,Companies House,https://www.gov.uk/government/organisations/companies-house
GB-COH|05042139,GB-COH,05042139,Companies House,https://www.gov.uk/government/organisations/companies-house
GB-COH|11128634,GB-COH,11128634,Companies House,https://www.gov.uk/government/organisations/companies-house
GB-COH|03383583,GB-COH,03383583,Companies House,https://www.gov.uk/government/organisations/companies-house
GB-COH|04273370,GB-COH,04273370,Companies House,https://www.gov.uk/government/organisations/companies-house
GB-COH|06861426,GB-COH,06861426,Companies House,https://www.gov.uk/government/organisations/companies-house
GB-COH|06254688,GB-COH,06254688,Companies House,https://www.gov.uk/government/organisations/companies-house
GB-COH|03796850,GB-COH,03796850,Companies House,https://www.gov.uk/government/organisations/companies-house
GB-COH|12388231,GB-COH,12388231,Companies House,https://www.gov.uk/government/organisations/companies-house
GB-COH|03280933,GB-COH,03280933,Companies House,https://www.gov.uk/government/organisations/companies-house
XI-LEI|213800DBE5Y9ZM58PN63,XI-LEI,213800DBE5Y9ZM58PN63,Global Legal Entity Identifier Index,https://www.gleif.org/en/about-lei/introducing-the-legal-entity-identifier-lei
GB-COH|07068789,GB-COH,07068789,Companies House,https://www.gov.uk/government/organisations/companies-house
GB-COH|10498997,GB-COH,10498997,Companies House,https://www.gov.uk/government/organisations/companies-house
GB-COH|10787931,GB-COH,10787931,Companies House,https://www.gov.uk/government/organisations/companies-house
GB-COH|03462881,GB-COH,03462881,Companies House,https://www.gov.uk/government/organisations/companies-house
GB-COH|02482660,GB-COH,02482660,Companies House,https://www.gov.uk/government/organisations/companies-house
GB-COH|11078321,GB-COH,11078321,Companies House,https://www.gov.uk/government/organisations/companies-house
GB-COH|05743495,GB-COH,05743495,Companies House,https://www.gov.uk/government/organisations/companies-house
GB-COH|02243045,GB-COH,02243045,Companies House,https://www.gov.uk/government/organisations/companies-house
GB-COH|04877889,GB-COH,04877889,Companies House,https://www.gov.uk/government/organisations/companies-house
GB-COH|02797701,GB-COH,02797701,Companies House,https://www.gov.uk/government/organisations/companies-house
GB-COH|02571516,GB-COH,02571516,Companies House,https://www.gov.uk/government/organisations/companies-house
GB-COH|08212279,GB-COH,08212279,Companies House,https://www.gov.uk/government/organisations/companies-house
GB-COH|02644862,GB-COH,02644862,Companies House,https://www.gov.uk/government/organisations/companies-house
GB-COH|13555386,GB-COH,13555386,Companies House,https://www.gov.uk/government/organisations/companies-house
GB-COH|07158144,GB-COH,07158144,Companies House,https://www.gov.uk/government/organisations/companies-house
GB-COH|07158142,GB-COH,07158142,Companies House,https://www.gov.uk/government/organisations/companies-house
GB-COH|07158140,GB-COH,07158140,Companies House,https://www.gov.uk/government/organisations/companies-house
GB-COH|01668247,GB-COH,01668247,Companies House,https://www.gov.uk/government/organisations/companies-house
GB-COH|12095560,GB-COH,12095560,Companies House,https://www.gov.uk/government/organisations/companies-house
GB-COH|13130144,GB-COH,13130144,Companies House,https://www.gov.uk/government/organisations/companies-house
GB-COH|12332828,GB-COH,12332828,Companies House,https://www.gov.uk/government/organisations/companies-house
GB-COH|02147783,GB-COH,02147783,Companies House,https://www.gov.uk/government/organisations/companies-house
XI-LEI|213800E11LI1SCETU492,XI-LEI,213800E11LI1SCETU492,Global Legal Entity Identifier Index,https://www.gleif.org/en/about-lei/introducing-the-legal-entity-identifier-lei
GB-COH|05975475,GB-COH,05975475,Companies House,https://www.gov.uk/government/organisations/companies-house
XI-LEI|213800FF7EXWECXGTO26,XI-LEI,213800FF7EXWECXGTO26,Global Legal Entity Identifier Index,https://www.gleif.org/en/about-lei/introducing-the-legal-entity-identifier-lei
XI-LEI|724500Q21GMC2GYKCQ29,XI-LEI,724500Q21GMC2GYKCQ29,Global Legal Entity Identifier Index,https://www.gleif.org/en/about-lei/introducing-the-legal-entity-identifier-lei
NL-KVK|27149802,NL-KVK,27149802,Chamber of Commerce (Netherlands),https://www.kvk.nl/zoeken/handelsregister/
XI-LEI|724500NMPK4BBMMMD571,XI-LEI,724500NMPK4BBMMMD571,Global Legal Entity Identifier Index,https://www.gleif.org/en/about-lei/introducing-the-legal-entity-identifier-lei
NL-KVK|27154985,NL-KVK,27154985,Chamber of Commerce (Netherlands),https://www.kvk.nl/zoeken/handelsregister/
XI-LEI|213800UNJSVQFNUYYW03,XI-LEI,213800UNJSVQFNUYYW03,Global Legal Entity Identifier Index,https://www.gleif.org/en/about-lei/introducing-the-legal-entity-identifier-lei
XI-LEI|894500EHT892H6TZZN33,XI-LEI,894500EHT892H6TZZN33,Global Legal Entity Identifier Index,https://www.gleif.org/en/about-lei/introducing-the-legal-entity-identifier-lei
IN-MCA|U40300TN2012PTC101788,IN-MCA,U40300TN2012PTC101788,"Government of India, Ministry of Corporate Affairs",http://www.mca.gov.in/
XI-LEI|213800XSK41EPCUHOH45,XI-LEI,213800XSK41EPCUHOH45,Global Legal Entity Identifier Index,https://www.gleif.org/en/about-lei/introducing-the-legal-entity-identifier-lei
NL-KVK|34316088,NL-KVK,34316088,Chamber of Commerce (Netherlands),https://www.kvk.nl/zoeken/handelsregister/
XI-LEI|335800RKIDK6O4P2KJ98,XI-LEI,335800RKIDK6O4P2KJ98,Global Legal Entity Identifier Index,https://www.gleif.org/en/about-lei/introducing-the-legal-entity-identifier-lei
IN-MCA|U40109TN1993PTC026223,IN-MCA,U40109TN1993PTC026223,"Government of India, Ministry of Corporate Affairs",http://www.mca.gov.in/
XI-LEI|2549006LMVC63GYH6G12,XI-LEI,2549006LMVC63GYH6G12,Global Legal Entity Identifier Index,https://www.gleif.org/en/about-lei/introducing-the-legal-entity-identifier-lei
GB-COH|12473084,GB-COH,12473084,Companies House,https://www.gov.uk/government/organisations/companies-house
GB-COH|12473751,GB-COH,12473751,Companies House,https://www.gov.uk/government/organisations/companies-house
GB-COH|SC057974,GB-COH,SC057974,Companies House,https://www.gov.uk/government/organisations/companies-house
GB-COH|SC077750,GB-COH,SC077750,Companies House,http://www.companieshouse.gov.uk/
GB-COH|07079191,GB-COH,07079191,Companies House,https://www.gov.uk/government/organisations/companies-house
GB-COH|13148646,GB-COH,13148646,Companies House,https://www.gov.uk/government/organisations/companies-house
GB-COH|11398848,GB-COH,11398848,Companies House,https://www.gov.uk/government/organisations/companies-house
GB-COH|03628497,GB-COH,03628497,Companies House,https://www.gov.uk/government/organisations/companies-house
GB-COH|11485932,GB-COH,11485932,Companies House,https://www.gov.uk/government/organisations/companies-house
GB-COH|07848449,GB-COH,07848449,Companies House,https://www.gov.uk/government/organisations/companies-house
GB-COH|02748866,GB-COH,02748866,Companies House,https://www.gov.uk/government/organisations/companies-house
GB-COH|10573435,GB-COH,10573435,Companies House,https://www.gov.uk/government/organisations/companies-house
GB-COH|10573715,GB-COH,10573715,Companies House,https://www.gov.uk/government/organisations/companies-house
GB-COH|04560068,GB-COH,04560068,Companies House,https://www.gov.uk/government/organisations/companies-house
GB-COH|04487223,GB-COH,04487223,Companies House,https://www.gov.uk/government/organisations/companies-house
GB-COH|06547400,GB-COH,06547400,Companies House,https://www.gov.uk/government/organisations/companies-house
GB-COH|15671911,GB-COH,15671911,Companies House,https://www.gov.uk/government/organisations/companies-house
GB-COH|16039527,GB-COH,16039527,Companies House,https://www.gov.uk/government/organisations/companies-house
GB-COH|11787488,GB-COH,11787488,Companies House,https://www.gov.uk/government/organisations/companies-house
GB-COH|11787495,GB-COH,11787495,Companies House,https://www.gov.uk/government/organisations/companies-house
GB-COH|16130095,GB-COH,16130095,Companies House,https://www.gov.uk/government/organisations/companies-house
GB-COH|16130094,GB-COH,16130094,Companies House,https://www.gov.uk/government/organisations/companies-house
GB-COH|14067214,GB-COH,14067214,Companies House,https://www.gov.uk/government/organisations/companies-house
GB-COH|14067273,GB-COH,14067273,Companies House,https://www.gov.uk/government/organisations/companies-house
GB-COH|00856444,GB-COH,00856444,Companies House,https://www.gov.uk/government/organisations/companies-house
GB-COH|12313114,GB-COH,12313114,Companies House,https://www.gov.uk/government/organisations/companies-house
GB-COH|12473113,GB-COH,12473113,Companies House,https://www.gov.uk/government/organisations/companies-house
GB-COH|11719194,GB-COH,11719194,Companies House,https://www.gov.uk/government/organisations/companies-house
GB-COH|06383221,GB-COH,06383221,Companies House,https://www.gov.uk/government/organisations/companies-house
GB-COH|03847957,GB-COH,03847957,Companies House,https://www.gov.uk/government/organisations/companies-house
GB-COH|16140733,GB-COH,16140733,Companies House,https://www.gov.uk/government/organisations/companies-house
GB-COH|01021007,GB-COH,01021007,Companies House,http://www.companieshouse.gov.uk/
GB-COH|02160234,GB-COH,02160234,Companies House,http://www.companieshouse.gov.uk/
GB-COH|15655085,GB-COH,15655085,Companies House,https://www.gov.uk/government/organisations/companies-house
GB-COH|00404347,GB-COH,00404347,Companies House,http://www.companieshouse.gov.uk/
GB-COH|11796185,GB-COH,11796185,Companies House,https://www.gov.uk/government/organisations/companies-house
GB-COH|00983913,GB-COH,00983913,Companies House,https://www.gov.uk/government/organisations/companies-house
GB-COH|01004984,GB-COH,01004984,Companies House,https://www.gov.uk/government/organisations/companies-house
GB-COH|08723444,GB-COH,08723444,Companies House,https://www.gov.uk/government/organisations/companies-house
GB-COH|08900469,GB-COH,08900469,Companies House,https://www.gov.uk/government/organisations/companies-house
GB-COH|03221603,GB-COH,03221603,Companies House,https://www.gov.uk/government/organisations/companies-house
GB-COH|08140815,GB-COH,08140815,Companies House,https://www.gov.uk/government/organisations/companies-house
GB-COH|11188145,GB-COH,11188145,Companies House,https://www.gov.uk/government/organisations/companies-house
GB-COH|12000539,GB-COH,12000539,Companies House,https://www.gov.uk/government/organisations/companies-house
GB-COH|00895797,GB-COH,00895797,Companies House,https://www.gov.uk/government/organisations/companies-house
GB-COH|07974274,GB-COH,07974274,Companies House,https://www.gov.uk/government/organisations/companies-house
GB-COH|01009905,GB-COH,01009905,Companies House,https://www.gov.uk/government/organisations/companies-house
GB-COH|05335923,GB-COH,05335923,Companies House,https://www.gov.uk/government/organisations/companies-house
GB-COH|15363762,GB-COH,15363762,Companies House,https://www.gov.uk/government/organisations/companies-house
GB-COH|05335927,GB-COH,05335927,Companies House,https://www.gov.uk/government/organisations/companies-house
GB-COH|00305943,GB-COH,00305943,Companies House,http://www.companieshouse.gov.uk/
GB-COH|12105028,GB-COH,12105028,Companies House,https://www.gov.uk/government/organisations/companies-house
GB-COH|00908982,GB-COH,00908982,Companies House,http://www.companieshouse.gov.uk/
GB-COH|13461160,GB-COH,13461160,Companies House,https://www.gov.uk/government/organisations/companies-house
GB-COH|03502262,GB-COH,03502262,Companies House,https://www.gov.uk/government/organisations/companies-house
GB-COH|09971526,GB-COH,09971526,Companies House,https://www.gov.uk/government/organisations/companies-house
GB-COH|11041000,GB-COH,11041000,Companies House,https://www.gov.uk/government/organisations/companies-house
GB-COH|00284323,GB-COH,00284323,Companies House,https://www.gov.uk/government/organisations/companies-house
GB-COH|10519279,GB-COH,10519279,Companies House,https://www.gov.uk/government/organisations/companies-house
GB-COH|04316931,GB-COH,04316931,Companies House,https://www.gov.uk/government/organisations/companies-house
GB-COH|04446121,GB-COH,04446121,Companies House,https://www.gov.uk/government/organisations/companies-house
GB-COH|08812651,GB-COH,08812651,Companies House,https://www.gov.uk/government/organisations/companies-house
GB-COH|10027204,GB-COH,10027204,Companies House,https://www.gov.uk/government/organisations/companies-house
GB-COH|09978028,GB-COH,09978028,Companies House,https://www.gov.uk/government/organisations/companies-house
GB-COH|07599899,GB-COH,07599899,Companies House,https://www.gov.uk/government/organisations/companies-house
GB-COH|07974282,GB-COH,07974282,Companies House,https://www.gov.uk/government/organisations/companies-house
GB-COH|01937364,GB-COH,01937364,Companies House,https://www.gov.uk/government/organisations/companies-house
GB-COH|06383184,GB-COH,06383184,Companies House,https://www.gov.uk/government/organisations/companies-house
GB-COH|04833438,GB-COH,04833438,Companies House,https://www.gov.uk/government/organisations/companies-house
GB-COH|09646587,GB-COH,09646587,Companies House,https://www.gov.uk/government/organisations/companies-house
GB-COH|SC135813,GB-COH,SC135813,Companies House,https://www.gov.uk/government/organisations/companies-house
GB-COH|00972944,GB-COH,00972944,Companies House,https://www.gov.uk/government/organisations/companies-house
GB-COH|13311592,GB-COH,13311592,Companies House,https://www.gov.uk/government/organisations/companies-house
GB-COH|04075308,GB-COH,04075308,Companies House,https://www.gov.uk/government/organisations/companies-house
GB-COH|00615393,GB-COH,00615393,Companies House,http://www.companieshouse.gov.uk/
GB-COH|07521628,GB-COH,07521628,Companies House,https://www.gov.uk/government/organisations/companies-house
GB-COH|13947643,GB-COH,13947643,Companies House,https://www.gov.uk/government/organisations/companies-house
GB-COH|13923476,GB-COH,13923476,Companies House,https://www.gov.uk/government/organisations/companies-house
GB-COH|07079220,GB-COH,07079220,Companies House,https://www.gov.uk/government/organisations/companies-house
GB-COH|05971273,GB-COH,05971273,Companies House,https://www.gov.uk/government/organisations/companies-house
XI-LEI|549300FJOXFUONBUSB24,XI-LEI,549300FJOXFUONBUSB24,Global Legal Entity Identifier Index,https://www.gleif.org/en/about-lei/introducing-the-legal-entity-identifier-lei
US-SAM|860013,US-SAM,860013,"System for Award Management (SAM) Unique Entity ID, USA",https://sam.gov/content/entity-registration
XI-LEI|549300GL1JKOPE05D156,XI-LEI,549300GL1JKOPE05D156,Global Legal Entity Identifier Index,https://www.gleif.org/en/about-lei/introducing-the-legal-entity-identifier-lei
GB-COH|00263889,GB-COH,00263889,Companies House,https://www.gov.uk/government/organisations/companies-house
XI-LEI|254900E2H6UPESEYHK67,XI-LEI,254900E2H6UPESEYHK67,Global Legal Entity Identifier Index,https://www.gleif.org/en/about-lei/introducing-the-legal-entity-identifier-lei
US-SAM|2342992,US-SAM,2342992,"System for Award Management (SAM) Unique Entity ID, USA",https://sam.gov/content/entity-registration
XI-LEI|549300O4I4C09FVKBE77,XI-LEI,549300O4I4C09FVKBE77,Global Legal Entity Identifier Index,https://www.gleif.org/en/about-lei/introducing-the-legal-entity-identifier-lei
GB-COH|SC107896,GB-COH,SC107896,Companies House,https://www.gov.uk/government/organisations/companies-house
XI-LEI|549300S6ZINNW7Y1NP62,XI-LEI,549300S6ZINNW7Y1NP62,Global Legal Entity Identifier Index,https://www.gleif.org/en/about-lei/introducing-the-legal-entity-identifier-lei
SG-ACRA|196600436K,SG-ACRA,196600436K,Accounting and Corporate Regulatory Authority (ACRA),http://www.acra.gov.sg/
XI-LEI|549300KT0ZQUIBAX8U21,XI-LEI,549300KT0ZQUIBAX8U21,Global Legal Entity Identifier Index,https://www.gleif.org/en/about-lei/introducing-the-legal-entity-identifier-lei
US-SAM|5795097,US-SAM,5795097,"System for Award Management (SAM) Unique Entity ID, USA",https://sam.gov/content/entity-registration
XI-LEI|335800DTEWI5HM8G1295,XI-LEI,335800DTEWI5HM8G1295,Global Legal Entity Identifier Index,https://www.gleif.org/en/about-lei/introducing-the-legal-entity-identifier-lei
IN-MCA|U50100MH2002PTC138480,IN-MCA,U50100MH2002PTC138480,"Government of India, Ministry of Corporate Affairs",http://www.mca.gov.in/
XI-LEI|549300GFYQ2Z4MV18T39,XI-LEI,549300GFYQ2Z4MV18T39,Global Legal Entity Identifier Index,https://www.gleif.org/en/about-lei/introducing-the-legal-entity-identifier-lei
XI-LEI|335800KCNMKXQFPJ5Q28,XI-LEI,335800KCNMKXQFPJ5Q28,Global Legal Entity Identifier Index,https://www.gleif.org/en/about-lei/introducing-the-legal-entity-identifier-lei
IN-MCA|L23200MH1979PLC021359,IN-MCA,L23200MH1979PLC021359,"Government of India, Ministry of Corporate Affairs",http://www.mca.gov.in/
XI-LEI|6HF6UF5XUDTS104QCS33,XI-LEI,6HF6UF5XUDTS104QCS33,Global Legal Entity Identifier Index,https://www.gleif.org/en/about-lei/introducing-the-legal-entity-identifier-lei
GB-COH|00446915,GB-COH,00446915,Companies House,https://www.gov.uk/government/organisations/companies-house
XI-LEI|5493008CHX3FW76KG908,XI-LEI,5493008CHX3FW76KG908,Global Legal Entity Identifier Index,https://www.gleif.org/en/about-lei/introducing-the-legal-entity-identifier-lei
XI-LEI|549300AGC7BAI04R6015,XI-LEI,549300AGC7BAI04R6015,Global Legal Entity Identifier Index,https://www.gleif.org/en/about-lei/introducing-the-legal-entity-identifier-lei
US-SAM|4244298,US-SAM,4244298,"System for Award Management (SAM) Unique Entity ID, USA",https://sam.gov/content/entity-registration
XI-LEI|549300UMEO4KHSEGTG58,XI-LEI,549300UMEO4KHSEGTG58,Global Legal Entity Identifier Index,https://www.gleif.org/en/about-lei/introducing-the-legal-entity-identifier-lei
GB-COH|08298838,GB-COH,08298838,Companies House,https://www.gov.uk/government/organisations/companies-house
XI-LEI|549300P807JHWY1X1063,XI-LEI,549300P807JHWY1X1063,Global Legal Entity Identifier Index,https://www.gleif.org/en/about-lei/introducing-the-legal-entity-identifier-lei
XI-LEI|549300KWC0CKSSHUZ327,XI-LEI,549300KWC0CKSSHUZ327,Global Legal Entity Identifier Index,https://www.gleif.org/en/about-lei/introducing-the-legal-entity-identifier-lei
GB-COH|00140132,GB-COH,00140132,Companies House,https://www.gov.uk/government/organisations/companies-house
XI-LEI|549300LCKI6BWPCJGX28,XI-LEI,549300LCKI6BWPCJGX28,Global Legal Entity Identifier Index,https://www.gleif.org/en/about-lei/introducing-the-legal-entity-identifier-lei
GB-COH|12825643,GB-COH,12825643,Companies House,https://www.gov.uk/government/organisations/companies-house
XI-LEI|549300LH9YXVHGYN6V32,XI-LEI,549300LH9YXVHGYN6V32,Global Legal Entity Identifier Index,https://www.gleif.org/en/about-lei/introducing-the-legal-entity-identifier-lei
XI-LEI|549300MOF13GKBNRVV53,XI-LEI,549300MOF13GKBNRVV53,Global Legal Entity Identifier Index,https://www.gleif.org/en/about-lei/introducing-the-legal-entity-identifier-lei
GB-COH|00871912,GB-COH,00871912,Companies House,https://www.gov.uk/government/organisations/companies-house
XI-LEI|549300NCTSINOQUCE407,XI-LEI,549300NCTSINOQUCE407,Global Legal Entity Identifier Index,https://www.gleif.org/en/about-lei/introducing-the-legal-entity-identifier-lei
NL-KVK|72399104,NL-KVK,72399104,Chamber of Commerce (Netherlands),https://www.kvk.nl/zoeken/handelsregister/
XI-LEI|549300X4LGFEE4L28815,XI-LEI,549300X4LGFEE4L28815,Global Legal Entity Identifier Index,https://www.gleif.org/en/about-lei/introducing-the-legal-entity-identifier-lei
LU-RCS|B45782,LU-RCS,B45782,Luxembourg Trade and Companies Register,https://www.lbr.lu/
XI-LEI|549300XDLZSTRWVYDS48,XI-LEI,549300XDLZSTRWVYDS48,Global Legal Entity Identifier Index,https://www.gleif.org/en/about-lei/introducing-the-legal-entity-identifier-lei
US-SAM|249359,US-SAM,249359,"System for Award Management (SAM) Unique Entity ID, USA",https://sam.gov/content/entity-registration
XI-LEI|549300XJERYFRMOP7O39,XI-LEI,549300XJERYFRMOP7O39,Global Legal Entity Identifier Index,https://www.gleif.org/en/about-lei/introducing-the-legal-entity-identifier-lei
ES-RMC|CS-32548-8,ES-RMC,CS-32548-8,Central Commercial Register of the Kingdom of Spain,http://www.rmc.es/Home.aspx
XI-LEI|549300YF2JG5OMW7UO84,XI-LEI,549300YF2JG5OMW7UO84,Global Legal Entity Identifier Index,https://www.gleif.org/en/about-lei/introducing-the-legal-entity-identifier-lei
SE-ON|556081-6604,SE-ON,556081-6604,"Business Registration Number (Organisationsnummer), Sweden",http://www.bolagsverket.se/ff/foretagsformer/organisationsnummer-1.7902
XI-LEI|549300YG7WG1HR9KGW98,XI-LEI,549300YG7WG1HR9KGW98,Global Legal Entity Identifier Index,https://www.gleif.org/en/about-lei/introducing-the-legal-entity-identifier-lei
GB-COH|00322365,GB-COH,00322365,Companies House,https://www.gov.uk/government/organisations/companies-house
XI-LEI|549300YYMNSW7KWZH127,XI-LEI,549300YYMNSW7KWZH127,Global Legal Entity Identifier Index,https://www.gleif.org/en/about-lei/introducing-the-legal-entity-identifier-lei
US-SAM|D00045773,US-SAM,D00045773,"System for Award Management (SAM) Unique Entity ID, USA",https://sam.gov/content/entity-registration
XI-LEI|549300ZDBUCTRBOPM023,XI-LEI,549300ZDBUCTRBOPM023,Global Legal Entity Identifier Index,https://www.gleif.org/en/about-lei/introducing-the-legal-entity-identifier-lei
GB-COH|01378710,GB-COH,01378710,Companies House,https://www.gov.uk/government/organisations/companies-house
XI-LEI|549300ZNXYELB31FP503,XI-LEI,549300ZNXYELB31FP503,Global Legal Entity Identifier Index,https://www.gleif.org/en/about-lei/introducing-the-legal-entity-identifier-lei
AU-ABN|004 085 616,AU-ABN,004 085 616,Australian Business Register,http://abr.business.gov.au/
XI-LEI|549300ZPID4GQRDWI318,XI-LEI,549300ZPID4GQRDWI318,Global Legal Entity Identifier Index,https://www.gleif.org/en/about-lei/introducing-the-legal-entity-identifier-lei
DE-CR|HRB 113611,DE-CR,HRB 113611,Common Register Portal of the German Federal States (CRP),https://www.handelsregister.de/rp_web/welcome.do
XI-LEI|25490009TXBCEMN3UI89,XI-LEI,25490009TXBCEMN3UI89,Global Legal Entity Identifier Index,https://www.gleif.org/en/about-lei/introducing-the-legal-entity-identifier-lei
GB-COH|06720009,GB-COH,06720009,Companies House,https://www.gov.uk/government/organisations/companies-house
XI-LEI|54930066OLMECXUIIT95,XI-LEI,54930066OLMECXUIIT95,Global Legal Entity Identifier Index,https://www.gleif.org/en/about-lei/introducing-the-legal-entity-identifier-lei
XI-LEI|5493006US8Z88WK9IL47,XI-LEI,5493006US8Z88WK9IL47,Global Legal Entity Identifier Index,https://www.gleif.org/en/about-lei/introducing-the-legal-entity-identifier-lei
US-SAM|2222036,US-SAM,2222036,"System for Award Management (SAM) Unique Entity ID, USA",https://sam.gov/content/entity-registration
XI-LEI|5493008GLWHKEO68CL13,XI-LEI,5493008GLWHKEO68CL13,Global Legal Entity Identifier Index,https://www.gleif.org/en/about-lei/introducing-the-legal-entity-identifier-lei
XI-LEI|5493008ZYIONF7JPJL24,XI-LEI,5493008ZYIONF7JPJL24,Global Legal Entity Identifier Index,https://www.gleif.org/en/about-lei/introducing-the-legal-entity-identifier-lei
CA-CC|3268803,CA-CC,3268803,Corporations Canada,http://www.ic.gc.ca/eic/site/cd-dgc.nsf/eng/home
XI-LEI|254900SRY9AX0V405Q73,XI-LEI,254900SRY9AX0V405Q73,Global Legal Entity Identifier Index,https://www.gleif.org/en/about-lei/introducing-the-legal-entity-identifier-lei
US-SAM|0803235499,US-SAM,0803235499,"System for Award Management (SAM) Unique Entity ID, USA",https://sam.gov/content/entity-registration
XI-LEI|549300HJ840SLKBDOS06,XI-LEI,549300HJ840SLKBDOS06,Global Legal Entity Identifier Index,https://www.gleif.org/en/about-lei/introducing-the-legal-entity-identifier-lei
AU-ABN|102 991 551,AU-ABN,102 991 551,Australian Business Register,http://abr.business.gov.au/
XI-LEI|254900P4JT9YH6JH0I36,XI-LEI,254900P4JT9YH6JH0I36,Global Legal Entity Identifier Index,https://www.gleif.org/en/about-lei/introducing-the-legal-entity-identifier-lei
US-SAM|0803377526,US-SAM,0803377526,"System for Award Management (SAM) Unique Entity ID, USA",https://sam.gov/content/entity-registration
XI-LEI|5493000BRX9RNZNUOV28,XI-LEI,5493000BRX9RNZNUOV28,Global Legal Entity Identifier Index,https://www.gleif.org/en/about-lei/introducing-the-legal-entity-identifier-lei
GB-COH|10867355,GB-COH,10867355,Companies House,http://www.companieshouse.gov.uk/
XI-LEI|549300MZ0FTF0W5N3I14,XI-LEI,549300MZ0FTF0W5N3I14,Global Legal Entity Identifier Index,https://www.gleif.org/en/about-lei/introducing-the-legal-entity-identifier-lei
US-SAM|3439552,US-SAM,3439552,"System for Award Management (SAM) Unique Entity ID, USA",https://sam.gov/content/entity-registration
XI-LEI|549300IW34FEHHXMF980,XI-LEI,549300IW34FEHHXMF980,Global Legal Entity Identifier Index,https://www.gleif.org/en/about-lei/introducing-the-legal-entity-identifier-lei
GB-COH|00097216,GB-COH,00097216,Companies House,http://www.companieshouse.gov.uk/
XI-LEI|549300MG5Q5VOTHPK831,XI-LEI,549300MG5Q5VOTHPK831,Global Legal Entity Identifier Index,https://www.gleif.org/en/about-lei/introducing-the-legal-entity-identifier-lei
US-SAM|2076758,US-SAM,2076758,"System for Award Management (SAM) Unique Entity ID, USA",https://sam.gov/content/entity-registration
XI-LEI|54930021X63HYEU9MP82,XI-LEI,54930021X63HYEU9MP82,Global Legal Entity Identifier Index,https://www.gleif.org/en/about-lei/introducing-the-legal-entity-identifier-lei
US-SAM|1998110694,US-SAM,1998110694,"System for Award Management (SAM) Unique Entity ID, USA",https://sam.gov/content/entity-registration
XI-LEI|549300H667FIK5PZPV54,XI-LEI,549300H667FIK5PZPV54,Global Legal Entity Identifier Index,https://www.gleif.org/en/about-lei/introducing-the-legal-entity-identifier-lei
IN-MCA|F03031,IN-MCA,F03031,"Government of India, Ministry of Corporate Affairs",http://www.mca.gov.in/
XI-LEI|549300I2A60VQH7OB113,XI-LEI,549300I2A60VQH7OB113,Global Legal Entity Identifier Index,https://www.gleif.org/en/about-lei/introducing-the-legal-entity-identifier-lei
US-SAM|2053223,US-SAM,2053223,"System for Award Management (SAM) Unique Entity ID, USA",https://sam.gov/content/entity-registration
XI-LEI|25490089CK3WJ7YXI372,XI-LEI,25490089CK3WJ7YXI372,Global Legal Entity Identifier Index,https://www.gleif.org/en/about-lei/introducing-the-legal-entity-identifier-lei
US-SAM|0803235415,US-SAM,0803235415,"System for Award Management (SAM) Unique Entity ID, USA",https://sam.gov/content/entity-registration
XI-LEI|549300KRU5NMN907SV73,XI-LEI,549300KRU5NMN907SV73,Global Legal Entity Identifier Index,https://www.gleif.org/en/about-lei/introducing-the-legal-entity-identifier-lei
NL-KVK|24178415,NL-KVK,24178415,Chamber of Commerce (Netherlands),https://www.kvk.nl/zoeken/handelsregister/
XI-LEI|5493009NTB34VXE1T760,XI-LEI,5493009NTB34VXE1T760,Global Legal Entity Identifier Index,https://www.gleif.org/en/about-lei/introducing-the-legal-entity-identifier-lei
US-SAM|3491966,US-SAM,3491966,"System for Award Management (SAM) Unique Entity ID, USA",https://sam.gov/content/entity-registration
XI-LEI|213800LH1BZH3DI6G760,XI-LEI,213800LH1BZH3DI6G760,Global Legal Entity Identifier Index,https://www.gleif.org/en/about-lei/introducing-the-legal-entity-identifier-lei
GB-COH|00102498,GB-COH,00102498,Companies House,https://www.gov.uk/government/organisations/companies-house
XI-LEI|5493003MXD0BNIYC0G95,XI-LEI,5493003MXD0BNIYC0G95,Global Legal Entity Identifier Index,https://www.gleif.org/en/about-lei/introducing-the-legal-entity-identifier-lei
ES-RMC|A-0684693-5,ES-RMC,A-0684693-5,Central Commercial Register of the Kingdom of Spain,http://www.rmc.es/Home.aspx
XI-LEI|5493004W2NT861NJ6M56,XI-LEI,5493004W2NT861NJ6M56,Global Legal Entity Identifier Index,https://www.gleif.org/en/about-lei/introducing-the-legal-entity-identifier-lei
IS-KEN|6803170460,IS-KEN,6803170460,Icelandic Social Security Number,https://www.skra.is/
XI-LEI|549300XGTG5OWOTI9S89,XI-LEI,549300XGTG5OWOTI9S89,Global Legal Entity Identifier Index,https://www.gleif.org/en/about-lei/introducing-the-legal-entity-identifier-lei
US-SAM|6378513,US-SAM,6378513,"System for Award Management (SAM) Unique Entity ID, USA",https://sam.gov/content/entity-registration
XI-LEI|549300GMUCJ08527GQ81,XI-LEI,549300GMUCJ08527GQ81,Global Legal Entity Identifier Index,https://www.gleif.org/en/about-lei/introducing-the-legal-entity-identifier-lei
US-SAM|182869-107,US-SAM,182869-107,"System for Award Management (SAM) Unique Entity ID, USA",https://sam.gov/content/entity-registration
XI-LEI|549300GSGBIF7NMOUH71,XI-LEI,549300GSGBIF7NMOUH71,Global Legal Entity Identifier Index,https://www.gleif.org/en/about-lei/introducing-the-legal-entity-identifier-lei
NL-KVK|72404922,NL-KVK,72404922,Chamber of Commerce (Netherlands),https://www.kvk.nl/zoeken/handelsregister/
XI-LEI|549300IZ83QL6OSB2R21,XI-LEI,549300IZ83QL6OSB2R21,Global Legal Entity Identifier Index,https://www.gleif.org/en/about-lei/introducing-the-legal-entity-identifier-lei
ES-RMC|A-8242203-1,ES-RMC,A-8242203-1,Central Commercial Register of the Kingdom of Spain,http://www.rmc.es/Home.aspx
XI-LEI|549300JCMJLJPHUIZ827,XI-LEI,549300JCMJLJPHUIZ827,Global Legal Entity Identifier Index,https://www.gleif.org/en/about-lei/introducing-the-legal-entity-identifier-lei
ZA-CIP|M1924002602,ZA-CIP,M1924002602,Companies and Intellectual Property Commission (CIPC),http://www.cipro.gov.za/
XI-LEI|549300IRCCFFAE30FT55,XI-LEI,549300IRCCFFAE30FT55,Global Legal Entity Identifier Index,https://www.gleif.org/en/about-lei/introducing-the-legal-entity-identifier-lei
FR-RCS|542 034 327,FR-RCS,542 034 327,Trade and Companies Register ,http://www.infogreffe.fr
XI-LEI|5493002S2FI7YB0RL442,XI-LEI,5493002S2FI7YB0RL442,Global Legal Entity Identifier Index,https://www.gleif.org/en/about-lei/introducing-the-legal-entity-identifier-lei
US-SAM|625509,US-SAM,625509,"System for Award Management (SAM) Unique Entity ID, USA",https://sam.gov/content/entity-registration
XI-LEI|549300ELU6WABMM0EL36,XI-LEI,549300ELU6WABMM0EL36,Global Legal Entity Identifier Index,https://www.gleif.org/en/about-lei/introducing-the-legal-entity-identifier-lei
PL-NIP|0000345546,PL-NIP,0000345546,Tax Identification Number (Poland),https://pl.wikipedia.org/wiki/NIP
XI-LEI|549300RU6UYW1UMYOP92,XI-LEI,549300RU6UYW1UMYOP92,Global Legal Entity Identifier Index,https://www.gleif.org/en/about-lei/introducing-the-legal-entity-identifier-lei
PT-NIPPC|500194670,PT-NIPPC,500194670,Portal of Public Services,https://www.portaldocidadao.pt/
XI-LEI|549300ZBE567NNMH7V89,XI-LEI,549300ZBE567NNMH7V89,Global Legal Entity Identifier Index,https://www.gleif.org/en/about-lei/introducing-the-legal-entity-identifier-lei
US-SAM|3575984,US-SAM,3575984,"System for Award Management (SAM) Unique Entity ID, USA",https://sam.gov/content/entity-registration
XI-LEI|549300LN3X0K77Z2SO79,XI-LEI,549300LN3X0K77Z2SO79,Global Legal Entity Identifier Index,https://www.gleif.org/en/about-lei/introducing-the-legal-entity-identifier-lei
AU-ABN|008 422 071,AU-ABN,008 422 071,Australian Business Register,http://abr.business.gov.au/
XI-LEI|5493000JNUNFTCW6WF85,XI-LEI,5493000JNUNFTCW6WF85,Global Legal Entity Identifier Index,https://www.gleif.org/en/about-lei/introducing-the-legal-entity-identifier-lei
GB-COH|01553681,GB-COH,01553681,Companies House,https://www.gov.uk/government/organisations/companies-house
XI-LEI|549300B8RMOTK5QZWT61,XI-LEI,549300B8RMOTK5QZWT61,Global Legal Entity Identifier Index,https://www.gleif.org/en/about-lei/introducing-the-legal-entity-identifier-lei
US-SAM|292522,US-SAM,292522,"System for Award Management (SAM) Unique Entity ID, USA",https://sam.gov/content/entity-registration
XI-LEI|549300DTMH2NWOI8O090,XI-LEI,549300DTMH2NWOI8O090,Global Legal Entity Identifier Index,https://www.gleif.org/en/about-lei/introducing-the-legal-entity-identifier-lei
XI-LEI|5493005ONGPJXD71UU22,XI-LEI,5493005ONGPJXD71UU22,Global Legal Entity Identifier Index,https://www.gleif.org/en/about-lei/introducing-the-legal-entity-identifier-lei
US-SAM|3329670,US-SAM,3329670,"System for Award Management (SAM) Unique Entity ID, USA",https://sam.gov/content/entity-registration
XI-LEI|5493000FX3G8YEXMXM78,XI-LEI,5493000FX3G8YEXMXM78,Global Legal Entity Identifier Index,https://www.gleif.org/en/about-lei/introducing-the-legal-entity-identifier-lei
GB-COH|00194971,GB-COH,00194971,Companies House,https://www.gov.uk/government/organisations/companies-house
XI-LEI|254900JJ39DUX0CTFU84,XI-LEI,254900JJ39DUX0CTFU84,Global Legal Entity Identifier Index,https://www.gleif.org/en/about-lei/introducing-the-legal-entity-identifier-lei
GB-COH|00230748,GB-COH,00230748,Companies House,https://www.gov.uk/government/organisations/companies-house
XI-LEI|549300BHBLZT38LP0T75,XI-LEI,549300BHBLZT38LP0T75,Global Legal Entity Identifier Index,https://www.gleif.org/en/about-lei/introducing-the-legal-entity-identifier-lei
GB-COH|SC123106,GB-COH,SC123106,Companies House,https://www.gov.uk/government/organisations/companies-house
XI-LEI|549300CBTY31RKLLW578,XI-LEI,549300CBTY31RKLLW578,Global Legal Entity Identifier Index,https://www.gleif.org/en/about-lei/introducing-the-legal-entity-identifier-lei
GB-COH|01214291,GB-COH,01214291,Companies House,https://www.gov.uk/government/organisations/companies-house
XI-LEI|549300CC4BI5U2VDJV83,XI-LEI,549300CC4BI5U2VDJV83,Global Legal Entity Identifier Index,https://www.gleif.org/en/about-lei/introducing-the-legal-entity-identifier-lei
XI-LEI|549300CMZNMGCZJWCG08,XI-LEI,549300CMZNMGCZJWCG08,Global Legal Entity Identifier Index,https://www.gleif.org/en/about-lei/introducing-the-legal-entity-identifier-lei
AU-ABN|653 709 810,AU-ABN,653 709 810,Australian Business Register,http://abr.business.gov.au/
XI-LEI|549300CRVT18MXX0AG93,XI-LEI,549300CRVT18MXX0AG93,Global Legal Entity Identifier Index,https://www.gleif.org/en/about-lei/introducing-the-legal-entity-identifier-lei
GB-COH|01290444,GB-COH,01290444,Companies House,https://www.gov.uk/government/organisations/companies-house
XI-LEI|549300CW7XPU9N2S3034,XI-LEI,549300CW7XPU9N2S3034,Global Legal Entity Identifier Index,https://www.gleif.org/en/about-lei/introducing-the-legal-entity-identifier-lei
GB-COH|02239062,GB-COH,02239062,Companies House,https://www.gov.uk/government/organisations/companies-house
XI-LEI|549300E0XYHGX3YQ0M28,XI-LEI,549300E0XYHGX3YQ0M28,Global Legal Entity Identifier Index,https://www.gleif.org/en/about-lei/introducing-the-legal-entity-identifier-lei
XI-LEI|549300EIY4CEHS3VR850,XI-LEI,549300EIY4CEHS3VR850,Global Legal Entity Identifier Index,https://www.gleif.org/en/about-lei/introducing-the-legal-entity-identifier-lei
US-SAM|2625238,US-SAM,2625238,"System for Award Management (SAM) Unique Entity ID, USA",https://sam.gov/content/entity-registration
XI-LEI|549300FCC78N6YBKPP79,XI-LEI,549300FCC78N6YBKPP79,Global Legal Entity Identifier Index,https://www.gleif.org/en/about-lei/introducing-the-legal-entity-identifier-lei
GB-COH|05998019,GB-COH,05998019,Companies House,https://www.gov.uk/government/organisations/companies-house
XI-LEI|549300SIG9E2EYEYJD24,XI-LEI,549300SIG9E2EYEYJD24,Global Legal Entity Identifier Index,https://www.gleif.org/en/about-lei/introducing-the-legal-entity-identifier-lei
RO-CUI|J23/605/2003,RO-CUI,J23/605/2003,National Trade Register (Romania),http://www.onrc.ro/index.php/ro/
XI-LEI|549300TDJC5X1HQFVS97,XI-LEI,549300TDJC5X1HQFVS97,Global Legal Entity Identifier Index,https://www.gleif.org/en/about-lei/introducing-the-legal-entity-identifier-lei
IT-RI|01144480587,IT-RI,01144480587,Business Register of the Italian Chambers of Commerce,http://www.registroimprese.it/
XI-LEI|549300U1FMIS4ZCKGM81,XI-LEI,549300U1FMIS4ZCKGM81,Global Legal Entity Identifier Index,https://www.gleif.org/en/about-lei/introducing-the-legal-entity-identifier-lei
SG-ACRA|200510582K,SG-ACRA,200510582K,Accounting and Corporate Regulatory Authority (ACRA),http://www.acra.gov.sg/
XI-LEI|549300VA66S81U2FG151,XI-LEI,549300VA66S81U2FG151,Global Legal Entity Identifier Index,https://www.gleif.org/en/about-lei/introducing-the-legal-entity-identifier-lei
GB-COH|01150609,GB-COH,01150609,Companies House,https://www.gov.uk/government/organisations/companies-house
XI-LEI|549300WG1KHXYZK4FN31,XI-LEI,549300WG1KHXYZK4FN31,Global Legal Entity Identifier Index,https://www.gleif.org/en/about-lei/introducing-the-legal-entity-identifier-lei
XI-LEI|G1KG0OQD10NOMCMLDZ35,XI-LEI,G1KG0OQD10NOMCMLDZ35,Global Legal Entity Identifier Index,https://www.gleif.org/en/about-lei/introducing-the-legal-entity-identifier-lei
GB-COH|00542515,GB-COH,00542515,Companies House,https://www.gov.uk/government/organisations/companies-house
XI-LEI|254900BCHAHIH6LIMH46,XI-LEI,254900BCHAHIH6LIMH46,Global Legal Entity Identifier Index,https://www.gleif.org/en/about-lei/introducing-the-legal-entity-identifier-lei
US-SAM|3675,US-SAM,3675,"System for Award Management (SAM) Unique Entity ID, USA",https://sam.gov/content/entity-registration
XI-LEI|254900HJ9HXOBA1QQV90,XI-LEI,254900HJ9HXOBA1QQV90,Global Legal Entity Identifier Index,https://www.gleif.org/en/about-lei/introducing-the-legal-entity-identifier-lei
US-SAM|7444065,US-SAM,7444065,"System for Award Management (SAM) Unique Entity ID, USA",https://sam.gov/content/entity-registration
XI-LEI|254900ZNKJZYGD4G1S03,XI-LEI,254900ZNKJZYGD4G1S03,Global Legal Entity Identifier Index,https://www.gleif.org/en/about-lei/introducing-the-legal-entity-identifier-lei
US-SAM|0803235501,US-SAM,0803235501,"System for Award Management (SAM) Unique Entity ID, USA",https://sam.gov/content/entity-registration
XI-LEI|7245003VD7E4T30HJD24,XI-LEI,7245003VD7E4T30HJD24,Global Legal Entity Identifier Index,https://www.gleif.org/en/about-lei/introducing-the-legal-entity-identifier-lei
NL-KVK|80003354,NL-KVK,80003354,Chamber of Commerce (Netherlands),https://www.kvk.nl/zoeken/handelsregister/
GB-COH|02316280,GB-COH,02316280,Companies House,https://www.gov.uk/government/organisations/companies-house
GB-COH|03947697,GB-COH,03947697,Companies House,https://www.gov.uk/government/organisations/companies-house
GB-COH|12777775,GB-COH,12777775,Companies House,https://www.gov.uk/government/organisations/companies-house
GB-COH|00304682,GB-COH,00304682,Companies House,https://www.gov.uk/government/organisations/companies-house
GB-COH|06226615,GB-COH,06226615,Companies House,https://www.gov.uk/government/organisations/companies-house
GB-COH|00510676,GB-COH,00510676,Companies House,https://www.gov.uk/government/organisations/companies-house
GB-COH|04622959,GB-COH,04622959,Companies House,https://www.gov.uk/government/organisations/companies-house
GB-COH|14708857,GB-COH,14708857,Companies House,https://www.gov.uk/government/organisations/companies-house
GB-COH|12733601,GB-COH,12733601,Companies House,https://www.gov.uk/government/organisations/companies-house
GB-COH|00553535,GB-COH,00553535,Companies House,https://www.gov.uk/government/organisations/companies-house
GB-COH|09023011,GB-COH,09023011,Companies House,https://www.gov.uk/government/organisations/companies-house
GB-COH|10087465,GB-COH,10087465,Companies House,https://www.gov.uk/government/organisations/companies-house
GB-COH|04342803,GB-COH,04342803,Companies House,https://www.gov.uk/government/organisations/companies-house
GB-COH|00759094,GB-COH,00759094,Companies House,https://www.gov.uk/government/organisations/companies-house
GB-COH|02063581,GB-COH,02063581,Companies House,https://www.gov.uk/government/organisations/companies-house
GB-COH|01744961,GB-COH,01744961,Companies House,https://www.gov.uk/government/organisations/companies-house
GB-COH|16116079,GB-COH,16116079,Companies House,https://www.gov.uk/government/organisations/companies-house
GB-COH|00260320,GB-COH,00260320,Companies House,https://www.gov.uk/government/organisations/companies-house
GB-COH|00140141,GB-COH,00140141,Companies House,https://www.gov.uk/government/organisations/companies-house
GB-COH|00746708,GB-COH,00746708,Companies House,https://www.gov.uk/government/organisations/companies-house
GB-COH|13497263,GB-COH,13497263,Companies House,https://www.gov.uk/government/organisations/companies-house
GB-COH|13497271,GB-COH,13497271,Companies House,https://www.gov.uk/government/organisations/companies-house
GB-COH|10867225,GB-COH,10867225,Companies House,https://www.gov.uk/government/organisations/companies-house
GB-COH|01228157,GB-COH,01228157,Companies House,https://www.gov.uk/government/organisations/companies-house
GB-COH|02544586,GB-COH,02544586,Companies House,https://www.gov.uk/government/organisations/companies-house
GB-COH|04622996,GB-COH,04622996,Companies House,https://www.gov.uk/government/organisations/companies-house
GB-COH|SC387672,GB-COH,SC387672,Companies House,https://www.gov.uk/government/organisations/companies-house
GB-COH|SC005098,GB-COH,SC005098,Companies House,https://www.gov.uk/government/organisations/companies-house
GB-COH|00149435,GB-COH,00149435,Companies House,https://www.gov.uk/government/organisations/companies-house
GB-COH|00432981,GB-COH,00432981,Companies House,https://www.gov.uk/government/organisations/companies-house
GB-COH|00234106,GB-COH,00234106,Companies House,https://www.gov.uk/government/organisations/companies-house
GB-COH|00654667,GB-COH,00654667,Companies House,https://www.gov.uk/government/organisations/companies-house
GB-COH|00273831,GB-COH,00273831,Companies House,https://www.gov.uk/government/organisations/companies-house
GB-COH|03189276,GB-COH,03189276,Companies House,https://www.gov.uk/government/organisations/companies-house
GB-COH|13789822,GB-COH,13789822,Companies House,https://www.gov.uk/government/organisations/companies-house
GB-COH|10129878,GB-COH,10129878,Companies House,https://www.gov.uk/government/organisations/companies-house
GB-COH|13497268,GB-COH,13497268,Companies House,https://www.gov.uk/government/organisations/companies-house
GB-COH|13497266,GB-COH,13497266,Companies House,https://www.gov.uk/government/organisations/companies-house
GB-COH|01454944,GB-COH,01454944,Companies House,https://www.gov.uk/government/organisations/companies-house
GB-COH|01918796,GB-COH,01918796,Companies House,https://www.gov.uk/government/organisations/companies-house
GB-COH|15604635,GB-COH,15604635,Companies House,https://www.gov.uk/government/organisations/companies-house
GB-COH|09494479,GB-COH,09494479,Companies House,https://www.gov.uk/government/organisations/companies-house
GB-COH|00735658,GB-COH,00735658,Companies House,https://www.gov.uk/government/organisations/companies-house
GB-COH|01150608,GB-COH,01150608,Companies House,https://www.gov.uk/government/organisations/companies-house
GB-COH|00554057,GB-COH,00554057,Companies House,https://www.gov.uk/government/organisations/companies-house
GB-COH|00593645,GB-COH,00593645,Companies House,https://www.gov.uk/government/organisations/companies-house
GB-COH|SC725848,GB-COH,SC725848,Companies House,https://www.gov.uk/government/organisations/companies-house
GB-COH|11352422,GB-COH,11352422,Companies House,https://www.gov.uk/government/organisations/companies-house
GB-COH|01030652,GB-COH,01030652,Companies House,https://www.gov.uk/government/organisations/companies-house
GB-COH|08842913,GB-COH,08842913,Companies House,https://www.gov.uk/government/organisations/companies-house
GB-COH|01094398,GB-COH,01094398,Companies House,https://www.gov.uk/government/organisations/companies-house
GB-COH|00455852,GB-COH,00455852,Companies House,https://www.gov.uk/government/organisations/companies-house
GB-COH|07540266,GB-COH,07540266,Companies House,https://www.gov.uk/government/organisations/companies-house
GB-COH|15860354,GB-COH,15860354,Companies House,https://www.gov.uk/government/organisations/companies-house
GB-COH|00651878,GB-COH,00651878,Companies House,https://www.gov.uk/government/organisations/companies-house
GB-COH|00517403,GB-COH,00517403,Companies House,https://www.gov.uk/government/organisations/companies-house
GB-COH|04116177,GB-COH,04116177,Companies House,https://www.gov.uk/government/organisations/companies-house
GB-COH|14846392,GB-COH,14846392,Companies House,https://www.gov.uk/government/organisations/companies-house
GB-COH|SC000792,GB-COH,SC000792,Companies House,https://www.gov.uk/government/organisations/companies-house
GB-COH|05319369,GB-COH,05319369,Companies House,https://www.gov.uk/government/organisations/companies-house
GB-COH|00211858,GB-COH,00211858,Companies House,https://www.gov.uk/government/organisations/companies-house
GB-COH|04145621,GB-COH,04145621,Companies House,https://www.gov.uk/government/organisations/companies-house
GB-COH|14829647,GB-COH,14829647,Companies House,https://www.gov.uk/government/organisations/companies-house
GB-COH|12169614,GB-COH,12169614,Companies House,https://www.gov.uk/government/organisations/companies-house
GB-COH|13464292,GB-COH,13464292,Companies House,https://www.gov.uk/government/organisations/companies-house
GB-COH|00176671,GB-COH,00176671,Companies House,https://www.gov.uk/government/organisations/companies-house
GB-COH|08274009,GB-COH,08274009,Companies House,https://www.gov.uk/government/organisations/companies-house
GB-COH|06034588,GB-COH,06034588,Companies House,https://www.gov.uk/government/organisations/companies-house
GB-COH|15319995,GB-COH,15319995,Companies House,https://www.gov.uk/government/organisations/companies-house
GB-COH|13448827,GB-COH,13448827,Companies House,https://www.gov.uk/government/organisations/companies-house
GB-COH|00321630,GB-COH,00321630,Companies House,https://www.gov.uk/government/organisations/companies-house
GB-COH|05639411,GB-COH,05639411,Companies House,https://www.gov.uk/government/organisations/companies-house
GB-COH|14860361,GB-COH,14860361,Companies House,https://www.gov.uk/government/organisations/companies-house
GB-COH|14860118,GB-COH,14860118,Companies House,https://www.gov.uk/government/organisations/companies-house
GB-COH|15635784,GB-COH,15635784,Companies House,https://www.gov.uk/government/organisations/companies-house
GB-COH|14860102,GB-COH,14860102,Companies House,https://www.gov.uk/government/organisations/companies-house
GB-COH|13698426,GB-COH,13698426,Companies House,https://www.gov.uk/government/organisations/companies-house
GB-COH|00591214,GB-COH,00591214,Companies House,https://www.gov.uk/government/organisations/companies-house
GB-COH|00240425,GB-COH,00240425,Companies House,https://www.gov.uk/government/organisations/companies-house
GB-COH|10202089,GB-COH,10202089,Companies House,https://www.gov.uk/government/organisations/companies-house
GB-COH|14789320,GB-COH,14789320,Companies House,https://www.gov.uk/government/organisations/companies-house
GB-COH|00146560,GB-COH,00146560,Companies House,https://www.gov.uk/government/organisations/companies-house
GB-COH|04942439,GB-COH,04942439,Companies House,https://www.gov.uk/government/organisations/companies-house
GB-COH|01858781,GB-COH,01858781,Companies House,https://www.gov.uk/government/organisations/companies-house
GB-COH|00567280,GB-COH,00567280,Companies House,https://www.gov.uk/government/organisations/companies-house
GB-COH|00190435,GB-COH,00190435,Companies House,https://www.gov.uk/government/organisations/companies-house
GB-COH|12097961,GB-COH,12097961,Companies House,https://www.gov.uk/government/organisations/companies-house
GB-COH|01337112,GB-COH,01337112,Companies House,https://www.gov.uk/government/organisations/companies-house
GB-COH|00699446,GB-COH,00699446,Companies House,https://www.gov.uk/government/organisations/companies-house
GB-COH|12735096,GB-COH,12735096,Companies House,https://www.gov.uk/government/organisations/companies-house
GB-COH|02565511,GB-COH,02565511,Companies House,https://www.gov.uk/government/organisations/companies-house
GB-COH|11700098,GB-COH,11700098,Companies House,https://www.gov.uk/government/organisations/companies-house
GB-COH|11719854,GB-COH,11719854,Companies House,https://www.gov.uk/government/organisations/companies-house
GB-COH|14860376,GB-COH,14860376,Companies House,https://www.gov.uk/government/organisations/companies-house
GB-COH|12536263,GB-COH,12536263,Companies House,https://www.gov.uk/government/organisations/companies-house
GB-COH|12349056,GB-COH,12349056,Companies House,https://www.gov.uk/government/organisations/companies-house
GB-COH|14846404,GB-COH,14846404,Companies House,https://www.gov.uk/government/organisations/companies-house
GB-COH|03604330,GB-COH,03604330,Companies House,https://www.gov.uk/government/organisations/companies-house
GB-COH|SL027312,GB-COH,SL027312,Companies House,https://www.gov.uk/government/organisations/companies-house
GB-COH|07152266,GB-COH,07152266,Companies House,https://www.gov.uk/government/organisations/companies-house
GB-COH|00026538,GB-COH,00026538,Companies House,https://www.gov.uk/government/organisations/companies-house
GB-COH|SC051614,GB-COH,SC051614,Companies House,https://www.gov.uk/government/organisations/companies-house
GB-COH|01732696,GB-COH,01732696,Companies House,https://www.gov.uk/government/organisations/companies-house
GB-COH|00178353,GB-COH,00178353,Companies House,https://www.gov.uk/government/organisations/companies-house
GB-COH|11428488,GB-COH,11428488,Companies House,https://www.gov.uk/government/organisations/companies-house
GB-COH|10953957,GB-COH,10953957,Companies House,https://www.gov.uk/government/organisations/companies-house
GB-COH|00325744,GB-COH,00325744,Companies House,https://www.gov.uk/government/organisations/companies-house
GB-COH|10542068,GB-COH,10542068,Companies House,https://www.gov.uk/government/organisations/companies-house
GB-COH|00590743,GB-COH,00590743,Companies House,https://www.gov.uk/government/organisations/companies-house
GB-COH|04951416,GB-COH,04951416,Companies House,https://www.gov.uk/government/organisations/companies-house
GB-COH|00609762,GB-COH,00609762,Companies House,https://www.gov.uk/government/organisations/companies-house
XI-LEI|391200PKEUF3Y2NUMW25,XI-LEI,391200PKEUF3Y2NUMW25,Global Legal Entity Identifier Index,https://www.gleif.org/en/about-lei/introducing-the-legal-entity-identifier-lei
DE-CR|HRB 184025,DE-CR,HRB 184025,Common Register Portal of the German Federal States (CRP),https://www.handelsregister.de/rp_web/welcome.do
XI-LEI|253400JT3MQWNDKMJE44,XI-LEI,253400JT3MQWNDKMJE44,Global Legal Entity Identifier Index,https://www.gleif.org/en/about-lei/introducing-the-legal-entity-identifier-lei
RU-INN|1027700043502,RU-INN,1027700043502,Uniform State Register of Legal Entities of Russian Federation,https://russianpartner.biz/
XI-LEI|25340076BE9D5XUK4H54,XI-LEI,25340076BE9D5XUK4H54,Global Legal Entity Identifier Index,https://www.gleif.org/en/about-lei/introducing-the-legal-entity-identifier-lei
RU-INN|1172536017356,RU-INN,1172536017356,Uniform State Register of Legal Entities of Russian Federation,https://russianpartner.biz/
XI-LEI|253400EDWTVJSHMJ4D40,XI-LEI,253400EDWTVJSHMJ4D40,Global Legal Entity Identifier Index,https://www.gleif.org/en/about-lei/introducing-the-legal-entity-identifier-lei
RU-INN|1027739462630,RU-INN,1027739462630,Uniform State Register of Legal Entities of Russian Federation,https://russianpartner.biz/
XI-LEI|213800AE1BBT5FYQGO52,XI-LEI,213800AE1BBT5FYQGO52,Global Legal Entity Identifier Index,https://www.gleif.org/en/about-lei/introducing-the-legal-entity-identifier-lei
JE-FSC|41260,JE-FSC,41260,Jersey Financial Services Commission (JFSC),http://www.jerseyfsc.org/index.asp
XI-LEI|4OFD47D73QFJ1T1MOF29,XI-LEI,4OFD47D73QFJ1T1MOF29,Global Legal Entity Identifier Index,https://www.gleif.org/en/about-lei/introducing-the-legal-entity-identifier-lei
GB-COH|00184594,GB-COH,00184594,Companies House,https://www.gov.uk/government/organisations/companies-house
XI-LEI|549300U2MZ5WWK8T4F93,XI-LEI,549300U2MZ5WWK8T4F93,Global Legal Entity Identifier Index,https://www.gleif.org/en/about-lei/introducing-the-legal-entity-identifier-lei
US-SAM|C1643648,US-SAM,C1643648,"System for Award Management (SAM) Unique Entity ID, USA",https://sam.gov/content/entity-registration
XI-LEI|54930037QVI60C8PTH78,XI-LEI,54930037QVI60C8PTH78,Global Legal Entity Identifier Index,https://www.gleif.org/en/about-lei/introducing-the-legal-entity-identifier-lei
GB-COH|04521108,GB-COH,04521108,Companies House,http://www.companieshouse.gov.uk/
XI-LEI|549300RIZJIA5P32N949,XI-LEI,549300RIZJIA5P32N949,Global Legal Entity Identifier Index,https://www.gleif.org/en/about-lei/introducing-the-legal-entity-identifier-lei
GB-COH|04521116,GB-COH,04521116,Companies House,https://www.gov.uk/government/organisations/companies-house
XI-LEI|549300H04VOZRXNDBI22,XI-LEI,549300H04VOZRXNDBI22,Global Legal Entity Identifier Index,https://www.gleif.org/en/about-lei/introducing-the-legal-entity-identifier-lei
GB-COH|03209327,GB-COH,03209327,Companies House,https://www.gov.uk/government/organisations/companies-house
XI-LEI|549300E13J5YVGT4E586,XI-LEI,549300E13J5YVGT4E586,Global Legal Entity Identifier Index,https://www.gleif.org/en/about-lei/introducing-the-legal-entity-identifier-lei
GB-COH|01693108,GB-COH,01693108,Companies House,https://www.gov.uk/government/organisations/companies-house
GB-COH|11573312,GB-COH,11573312,Companies House,https://www.gov.uk/government/organisations/companies-house
GB-COH|09788236,GB-COH,09788236,Companies House,https://www.gov.uk/government/organisations/companies-house
GB-COH|03545857,GB-COH,03545857,Companies House,https://www.gov.uk/government/organisations/companies-house
GB-COH|04282263,GB-COH,04282263,Companies House,https://www.gov.uk/government/organisations/companies-house
GB-COH|03015855,GB-COH,03015855,Companies House,https://www.gov.uk/government/organisations/companies-house
GB-COH|10872547,GB-COH,10872547,Companies House,https://www.gov.uk/government/organisations/companies-house
GB-COH|09120252,GB-COH,09120252,Companies House,https://www.gov.uk/government/organisations/companies-house
GB-COH|00084121,GB-COH,00084121,Companies House,https://www.gov.uk/government/organisations/companies-house
GB-COH|07111468,GB-COH,07111468,Companies House,https://www.gov.uk/government/organisations/companies-house
GB-COH|10644366,GB-COH,10644366,Companies House,https://www.gov.uk/government/organisations/companies-house
GB-COH|03291550,GB-COH,03291550,Companies House,https://www.gov.uk/government/organisations/companies-house
GB-COH|01482455,GB-COH,01482455,Companies House,https://www.gov.uk/government/organisations/companies-house
GB-COH|05528329,GB-COH,05528329,Companies House,https://www.gov.uk/government/organisations/companies-house
GB-COH|03410466,GB-COH,03410466,Companies House,https://www.gov.uk/government/organisations/companies-house
GB-COH|02246951,GB-COH,02246951,Companies House,https://www.gov.uk/government/organisations/companies-house
GB-COH|04118004,GB-COH,04118004,Companies House,https://www.gov.uk/government/organisations/companies-house
GB-COH|03708142,GB-COH,03708142,Companies House,https://www.gov.uk/government/organisations/companies-house
GB-COH|05765286,GB-COH,05765286,Companies House,https://www.gov.uk/government/organisations/companies-house
GB-COH|01163844,GB-COH,01163844,Companies House,https://www.gov.uk/government/organisations/companies-house
GB-COH|12867899,GB-COH,12867899,Companies House,https://www.gov.uk/government/organisations/companies-house
GB-COH|04071890,GB-COH,04071890,Companies House,https://www.gov.uk/government/organisations/companies-house
GB-COH|05418537,GB-COH,05418537,Companies House,https://www.gov.uk/government/organisations/companies-house
GB-COH|03394910,GB-COH,03394910,Companies House,https://www.gov.uk/government/organisations/companies-house
GB-COH|05830195,GB-COH,05830195,Companies House,https://www.gov.uk/government/organisations/companies-house
GB-COH|00272225,GB-COH,00272225,Companies House,https://www.gov.uk/government/organisations/companies-house
GB-COH|04485808,GB-COH,04485808,Companies House,https://www.gov.uk/government/organisations/companies-house
GB-COH|07440158,GB-COH,07440158,Companies House,https://www.gov.uk/government/organisations/companies-house
GB-COH|03709742,GB-COH,03709742,Companies House,https://www.gov.uk/government/organisations/companies-house
GB-COH|02251116,GB-COH,02251116,Companies House,https://www.gov.uk/government/organisations/companies-house
GB-COH|00640846,GB-COH,00640846,Companies House,https://www.gov.uk/government/organisations/companies-house
GB-COH|09876101,GB-COH,09876101,Companies House,https://www.gov.uk/government/organisations/companies-house
GB-COH|14525603,GB-COH,14525603,Companies House,https://www.gov.uk/government/organisations/companies-house
GB-COH|03403993,GB-COH,03403993,Companies House,https://www.gov.uk/government/organisations/companies-house
GB-COH|03394992,GB-COH,03394992,Companies House,https://www.gov.uk/government/organisations/companies-house
GB-COH|07918137,GB-COH,07918137,Companies House,https://www.gov.uk/government/organisations/companies-house
GB-COH|00081701,GB-COH,00081701,Companies House,https://www.gov.uk/government/organisations/companies-house
GB-COH|15065208,GB-COH,15065208,Companies House,https://www.gov.uk/government/organisations/companies-house
GB-COH|06341444,GB-COH,06341444,Companies House,https://www.gov.uk/government/organisations/companies-house
